Experiment,Seed,Run,Iteration,BestFitness,AverageFitness,WorstFitness,Conflicts,ConstraintViolationScore,FacultySatisfaction,TeachingFactor,LearningFactor,MutationRate,IterationTimeSeconds
Base TLBO,20260715,1,1,56.7124,48.8629,0.0,0,0,66.25,1.5,0.4,0.15,0.6745
Base TLBO,20260715,1,2,56.7124,55.9519,55.2868,0,0,66.25,1.5,0.4,0.15,0.6404
Base TLBO,20260715,1,3,56.7124,56.1301,55.4044,0,0,66.25,1.5,0.4,0.15,0.4438
Base TLBO,20260715,1,4,56.7124,56.2936,55.5268,0,0,66.25,1.5,0.4,0.15,0.4011
Base TLBO,20260715,1,5,56.7124,56.4418,55.5688,0,0,66.25,1.5,0.4,0.15,0.311
Base TLBO,20260715,1,6,56.7124,56.5847,55.7692,0,0,66.25,1.5,0.4,0.15,0.3984
Base TLBO,20260715,1,7,56.7124,56.7027,56.6344,0,0,66.25,1.5,0.4,0.15,0.2044
Base TLBO,20260715,1,8,56.7124,56.7124,56.7124,0,0,66.25,1.5,0.4,0.15,0.152
Base TLBO,20260715,1,9,56.7124,56.7124,56.7124,0,0,66.25,1.5,0.4,0.15,0.1585
Base TLBO,20260715,1,10,56.7124,56.7124,56.7124,0,0,66.25,1.5,0.4,0.15,0.1325
Base TLBO,20260715,1,11,56.7124,56.7124,56.7124,0,0,66.25,1.5,0.4,0.15,0.1153
Base TLBO,20260715,1,12,56.7124,56.7124,56.7124,0,0,66.25,1.5,0.4,0.15,0.1183
Base TLBO,20260715,1,13,56.7124,56.7124,56.7124,0,0,66.25,1.5,0.4,0.15,0.184
Base TLBO,20260715,1,14,56.7124,56.7124,56.7124,0,0,66.25,1.5,0.4,0.15,0.2198
Base TLBO,20260715,1,15,56.7124,56.7124,56.7124,0,0,66.25,1.5,0.4,0.15,0.1152
Base TLBO,20260716,2,1,56.1508,34.8331,0.0,0,0,58.75,1.5,0.4,0.15,0.5281
Base TLBO,20260716,2,2,56.1508,41.852,0.0,0,0,58.75,1.5,0.4,0.15,0.6158
Base TLBO,20260716,2,3,56.1508,48.8708,0.0,0,0,58.75,1.5,0.4,0.15,0.4576
Base TLBO,20260716,2,4,56.1508,55.8896,55.3252,0,0,58.75,1.5,0.4,0.15,0.4524
Base TLBO,20260716,2,5,56.1508,55.9928,55.5268,0,0,58.75,1.5,0.4,0.15,0.441
Base TLBO,20260716,2,6,56.1508,56.0709,55.7236,0,0,58.75,1.5,0.4,0.15,0.2356
Base TLBO,20260716,2,7,56.1508,56.1242,55.9384,0,0,58.75,1.5,0.4,0.15,0.215
Base TLBO,20260716,2,8,56.1508,56.1508,56.1508,0,0,58.75,1.5,0.4,0.15,0.1116
Base TLBO,20260716,2,9,56.1508,56.1508,56.1508,0,0,58.75,1.5,0.4,0.15,0.138
Base TLBO,20260716,2,10,56.1508,56.1508,56.1508,0,0,58.75,1.5,0.4,0.15,0.1437
Base TLBO,20260716,2,11,56.1508,56.1508,56.1508,0,0,58.75,1.5,0.4,0.15,0.1339
Base TLBO,20260716,2,12,56.1508,56.1508,56.1508,0,0,58.75,1.5,0.4,0.15,0.1282
Base TLBO,20260716,2,13,56.1508,56.1508,56.1508,0,0,58.75,1.5,0.4,0.15,0.1675
Base TLBO,20260716,2,14,56.1508,56.1508,56.1508,0,0,58.75,1.5,0.4,0.15,0.1623
Base TLBO,20260716,2,15,56.1508,56.1508,56.1508,0,0,58.75,1.5,0.4,0.15,0.1215
Base TLBO,20260717,3,1,56.266,7.0332,0.0,0,0,67.5,1.5,0.4,0.15,0.5246
Base TLBO,20260717,3,2,56.266,14.0665,0.0,0,0,67.5,1.5,0.4,0.15,0.5499
Base TLBO,20260717,3,3,56.266,21.0998,0.0,0,0,67.5,1.5,0.4,0.15,0.5271
Base TLBO,20260717,3,4,56.266,28.133,0.0,0,0,67.5,1.5,0.4,0.15,0.542
Base TLBO,20260717,3,5,56.266,35.1662,0.0,0,0,67.5,1.5,0.4,0.15,0.4698
Base TLBO,20260717,3,6,56.266,42.1995,0.0,0,0,67.5,1.5,0.4,0.15,0.374
Base TLBO,20260717,3,7,56.266,49.2327,0.0,0,0,67.5,1.5,0.4,0.15,0.2427
Base TLBO,20260717,3,8,56.266,56.266,56.266,0,0,67.5,1.5,0.4,0.15,0.195
Base TLBO,20260717,3,9,56.266,56.266,56.266,0,0,67.5,1.5,0.4,0.15,0.1607
Base TLBO,20260717,3,10,56.266,56.266,56.266,0,0,67.5,1.5,0.4,0.15,0.1586
Base TLBO,20260717,3,11,56.266,56.266,56.266,0,0,67.5,1.5,0.4,0.15,0.1352
Base TLBO,20260717,3,12,56.266,56.266,56.266,0,0,67.5,1.5,0.4,0.15,0.1845
Base TLBO,20260717,3,13,56.266,56.266,56.266,0,0,67.5,1.5,0.4,0.15,0.1649
Base TLBO,20260717,3,14,56.266,56.266,56.266,0,0,67.5,1.5,0.4,0.15,0.1283
Base TLBO,20260717,3,15,56.266,56.266,56.266,0,0,67.5,1.5,0.4,0.15,0.1766
Base TLBO,20260718,4,1,56.422,42.0559,0.0,0,0,65.0,1.5,0.4,0.15,0.816
Base TLBO,20260718,4,2,56.422,49.1087,0.0,0,0,65.0,1.5,0.4,0.15,0.5244
Base TLBO,20260718,4,3,56.422,56.1615,55.7008,0,0,65.0,1.5,0.4,0.15,0.3962
Base TLBO,20260718,4,4,56.422,56.2516,55.84,0,0,65.0,1.5,0.4,0.15,0.4036
Base TLBO,20260718,4,5,56.422,56.3243,56.068,0,0,65.0,1.5,0.4,0.15,0.4179
Base TLBO,20260718,4,6,56.422,56.3686,56.1508,0,0,65.0,1.5,0.4,0.15,0.3264
Base TLBO,20260718,4,7,56.422,56.4025,56.266,0,0,65.0,1.5,0.4,0.15,0.2697
Base TLBO,20260718,4,8,56.422,56.422,56.422,0,0,65.0,1.5,0.4,0.15,0.1816
Base TLBO,20260718,4,9,56.422,56.422,56.422,0,0,65.0,1.5,0.4,0.15,0.1462
Base TLBO,20260718,4,10,56.422,56.422,56.422,0,0,65.0,1.5,0.4,0.15,0.1553
Base TLBO,20260718,4,11,56.422,56.422,56.422,0,0,65.0,1.5,0.4,0.15,0.1875
Base TLBO,20260718,4,12,56.422,56.422,56.422,0,0,65.0,1.5,0.4,0.15,0.1794
Base TLBO,20260718,4,13,56.422,56.422,56.422,0,0,65.0,1.5,0.4,0.15,0.1889
Base TLBO,20260718,4,14,56.422,56.422,56.422,0,0,65.0,1.5,0.4,0.15,0.1633
Base TLBO,20260718,4,15,56.422,56.422,56.422,0,0,65.0,1.5,0.4,0.15,0.1378
Base TLBO,20260719,5,1,56.3272,41.7914,0.0,0,0,61.25,1.5,0.4,0.15,0.9477
Base TLBO,20260719,5,2,56.3272,48.8654,0.0,0,0,61.25,1.5,0.4,0.15,0.7731
Base TLBO,20260719,5,3,56.3272,55.9063,55.2868,0,0,61.25,1.5,0.4,0.15,0.6101
Base TLBO,20260719,5,4,56.3272,56.0363,55.4044,0,0,61.25,1.5,0.4,0.15,0.4833
Base TLBO,20260719,5,5,56.3272,56.1517,55.5472,0,0,61.25,1.5,0.4,0.15,0.5187
Base TLBO,20260719,5,6,56.3272,56.2492,55.9888,0,0,61.25,1.5,0.4,0.15,0.2901
Base TLBO,20260719,5,7,56.3272,56.2915,56.0416,0,0,61.25,1.5,0.4,0.15,0.213
Base TLBO,20260719,5,8,56.3272,56.3272,56.3272,0,0,61.25,1.5,0.4,0.15,0.2098
Base TLBO,20260719,5,9,56.3272,56.3272,56.3272,0,0,61.25,1.5,0.4,0.15,0.2093
Base TLBO,20260719,5,10,56.3272,56.3272,56.3272,0,0,61.25,1.5,0.4,0.15,0.2053
Base TLBO,20260719,5,11,56.3272,56.3272,56.3272,0,0,61.25,1.5,0.4,0.15,0.1875
Base TLBO,20260719,5,12,56.3272,56.3272,56.3272,0,0,61.25,1.5,0.4,0.15,0.1991
Base TLBO,20260719,5,13,56.3272,56.3272,56.3272,0,0,61.25,1.5,0.4,0.15,0.2036
Base TLBO,20260719,5,14,56.3272,56.3272,56.3272,0,0,61.25,1.5,0.4,0.15,0.2192
Base TLBO,20260719,5,15,56.3272,56.3272,56.3272,0,0,61.25,1.5,0.4,0.15,0.2008
Base TLBO,20260720,6,1,56.3272,14.0269,0.0,0,0,63.75,1.5,0.4,0.15,1.1696
Base TLBO,20260720,6,2,56.3272,21.0678,0.0,0,0,63.75,1.5,0.4,0.15,0.7917
Base TLBO,20260720,6,3,56.3272,28.1087,0.0,0,0,63.75,1.5,0.4,0.15,0.6796
Base TLBO,20260720,6,4,56.3272,35.1496,0.0,0,0,63.75,1.5,0.4,0.15,0.5751
Base TLBO,20260720,6,5,56.3272,42.1905,0.0,0,0,63.75,1.5,0.4,0.15,0.5397
Base TLBO,20260720,6,6,56.3272,49.2314,0.0,0,0,63.75,1.5,0.4,0.15,0.4323
Base TLBO,20260720,6,7,56.3272,56.2723,55.888,0,0,63.75,1.5,0.4,0.15,0.2275
Base TLBO,20260720,6,8,56.3272,56.3272,56.3272,0,0,63.75,1.5,0.4,0.15,0.1349
Base TLBO,20260720,6,9,56.3272,56.3272,56.3272,0,0,63.75,1.5,0.4,0.15,0.1339
Base TLBO,20260720,6,10,56.3272,56.3272,56.3272,0,0,63.75,1.5,0.4,0.15,0.2116
Base TLBO,20260720,6,11,56.3272,56.3272,56.3272,0,0,63.75,1.5,0.4,0.15,0.2378
Base TLBO,20260720,6,12,56.3272,56.3272,56.3272,0,0,63.75,1.5,0.4,0.15,0.1508
Base TLBO,20260720,6,13,56.3272,56.3272,56.3272,0,0,63.75,1.5,0.4,0.15,0.1225
Base TLBO,20260720,6,14,56.3272,56.3272,56.3272,0,0,63.75,1.5,0.4,0.15,0.1757
Base TLBO,20260720,6,15,56.3272,56.3272,56.3272,0,0,63.75,1.5,0.4,0.15,0.1837
Base TLBO,20260721,7,1,56.3896,28.0914,0.0,0,0,65.0,1.5,0.4,0.15,0.6152
Base TLBO,20260721,7,2,56.3896,35.1401,0.0,0,0,65.0,1.5,0.4,0.15,0.5118
Base TLBO,20260721,7,3,56.3896,42.1889,0.0,0,0,65.0,1.5,0.4,0.15,0.521
Base TLBO,20260721,7,4,56.3896,49.2375,0.0,0,0,65.0,1.5,0.4,0.15,0.3507
Base TLBO,20260721,7,5,56.3896,56.2863,56.0956,0,0,65.0,1.5,0.4,0.15,0.3261
Base TLBO,20260721,7,6,56.3896,56.323,56.0956,0,0,65.0,1.5,0.4,0.15,0.2744
Base TLBO,20260721,7,7,56.3896,56.3597,56.1508,0,0,65.0,1.5,0.4,0.15,0.2169
Base TLBO,20260721,7,8,56.3896,56.3896,56.3896,0,0,65.0,1.5,0.4,0.15,0.174
Base TLBO,20260721,7,9,56.3896,56.3896,56.3896,0,0,65.0,1.5,0.4,0.15,0.1357
Base TLBO,20260721,7,10,56.3896,56.3896,56.3896,0,0,65.0,1.5,0.4,0.15,0.1315
Base TLBO,20260721,7,11,56.3896,56.3896,56.3896,0,0,65.0,1.5,0.4,0.15,0.1265
Base TLBO,20260721,7,12,56.3896,56.3896,56.3896,0,0,65.0,1.5,0.4,0.15,0.1251
Base TLBO,20260721,7,13,56.3896,56.3896,56.3896,0,0,65.0,1.5,0.4,0.15,0.1298
Base TLBO,20260721,7,14,56.3896,56.3896,56.3896,0,0,65.0,1.5,0.4,0.15,0.1284
Base TLBO,20260721,7,15,56.3896,56.3896,56.3896,0,0,65.0,1.5,0.4,0.15,0.1251
Base TLBO,20260722,8,1,56.2072,27.9633,0.0,0,0,63.75,1.5,0.4,0.15,0.6844
Base TLBO,20260722,8,2,56.2072,34.9892,0.0,0,0,63.75,1.5,0.4,0.15,0.9075
Base TLBO,20260722,8,3,56.2072,42.0151,0.0,0,0,63.75,1.5,0.4,0.15,0.632
Base TLBO,20260722,8,4,56.2072,49.041,0.0,0,0,63.75,1.5,0.4,0.15,0.4252
Base TLBO,20260722,8,5,56.2072,56.0669,55.5472,0,0,63.75,1.5,0.4,0.15,0.68
Base TLBO,20260722,8,6,56.2072,56.1495,55.9636,0,0,63.75,1.5,0.4,0.15,0.4959
Base TLBO,20260722,8,7,56.2072,56.1799,55.9888,0,0,63.75,1.5,0.4,0.15,0.3611
Base TLBO,20260722,8,8,56.2072,56.2072,56.2072,0,0,63.75,1.5,0.4,0.15,0.2369
Base TLBO,20260722,8,9,56.2072,56.2072,56.2072,0,0,63.75,1.5,0.4,0.15,0.2318
Base TLBO,20260722,8,10,56.2072,56.2072,56.2072,0,0,63.75,1.5,0.4,0.15,0.2485
Base TLBO,20260722,8,11,56.2072,56.2072,56.2072,0,0,63.75,1.5,0.4,0.15,0.2456
Base TLBO,20260722,8,12,56.2072,56.2072,56.2072,0,0,63.75,1.5,0.4,0.15,0.229
Base TLBO,20260722,8,13,56.2072,56.2072,56.2072,0,0,63.75,1.5,0.4,0.15,0.2469
Base TLBO,20260722,8,14,56.2072,56.2072,56.2072,0,0,63.75,1.5,0.4,0.15,0.2407
Base TLBO,20260722,8,15,56.2072,56.2072,56.2072,0,0,63.75,1.5,0.4,0.15,0.2402
Base TLBO,20260723,9,1,55.7008,34.6681,0.0,0,0,56.25,1.5,0.4,0.15,1.075
Base TLBO,20260723,9,2,56.068,41.7242,0.0,0,0,62.5,1.5,0.4,0.15,0.606
Base TLBO,20260723,9,3,56.068,48.7326,0.0,0,0,62.5,1.5,0.4,0.15,0.5407
Base TLBO,20260723,9,4,56.068,55.7411,55.2484,0,0,62.5,1.5,0.4,0.15,0.4915
Base TLBO,20260723,9,5,56.068,55.8436,55.5064,0,0,62.5,1.5,0.4,0.15,0.5204
Base TLBO,20260723,9,6,56.068,55.9138,55.5688,0,0,62.5,1.5,0.4,0.15,0.4871
Base TLBO,20260723,9,7,56.068,55.9762,55.7008,0,0,62.5,1.5,0.4,0.15,0.326
Base TLBO,20260723,9,8,56.068,56.0221,55.7008,0,0,62.5,1.5,0.4,0.15,0.2145
Base TLBO,20260723,9,9,56.068,56.068,56.068,0,0,62.5,1.5,0.4,0.15,0.1207
Base TLBO,20260723,9,10,56.068,56.068,56.068,0,0,62.5,1.5,0.4,0.15,0.1485
Base TLBO,20260723,9,11,56.068,56.068,56.068,0,0,62.5,1.5,0.4,0.15,0.1307
Base TLBO,20260723,9,12,56.068,56.068,56.068,0,0,62.5,1.5,0.4,0.15,0.1761
Base TLBO,20260723,9,13,56.068,56.068,56.068,0,0,62.5,1.5,0.4,0.15,0.1456
Base TLBO,20260723,9,14,56.068,56.068,56.068,0,0,62.5,1.5,0.4,0.15,0.1484
Base TLBO,20260723,9,15,56.068,56.068,56.068,0,0,62.5,1.5,0.4,0.15,0.1356
Base TLBO,20260724,10,1,56.524,27.932,0.0,0,0,62.5,1.5,0.4,0.15,1.1649
Base TLBO,20260724,10,2,56.524,34.9975,0.0,0,0,62.5,1.5,0.4,0.15,0.7912
Base TLBO,20260724,10,3,56.524,42.063,0.0,0,0,62.5,1.5,0.4,0.15,0.4311
Base TLBO,20260724,10,4,56.524,49.1285,0.0,0,0,62.5,1.5,0.4,0.15,0.5098
Base TLBO,20260724,10,5,56.524,56.194,55.2868,0,0,62.5,1.5,0.4,0.15,0.5301
Base TLBO,20260724,10,6,56.524,56.3486,55.6564,0,0,62.5,1.5,0.4,0.15,0.4232
Base TLBO,20260724,10,7,56.524,56.4571,55.9888,0,0,62.5,1.5,0.4,0.15,0.3796
Base TLBO,20260724,10,8,56.524,56.524,56.524,0,0,62.5,1.5,0.4,0.15,0.1958
Base TLBO,20260724,10,9,56.524,56.524,56.524,0,0,62.5,1.5,0.4,0.15,0.1259
Base TLBO,20260724,10,10,56.524,56.524,56.524,0,0,62.5,1.5,0.4,0.15,0.1109
Base TLBO,20260724,10,11,56.524,56.524,56.524,0,0,62.5,1.5,0.4,0.15,0.1175
Base TLBO,20260724,10,12,56.524,56.524,56.524,0,0,62.5,1.5,0.4,0.15,0.1539
Base TLBO,20260724,10,13,56.524,56.524,56.524,0,0,62.5,1.5,0.4,0.15,0.2282
Base TLBO,20260724,10,14,56.524,56.524,56.524,0,0,62.5,1.5,0.4,0.15,0.1784
Base TLBO,20260724,10,15,56.524,56.524,56.524,0,0,62.5,1.5,0.4,0.15,0.1496
TLBO + Dynamic Priority,20260815,1,1,73.25,54.2931,0.0,0,0,57.5,1.5,0.4,0.15,0.7862
TLBO + Dynamic Priority,20260815,1,2,73.25,63.4494,0.0,0,0,57.5,1.5,0.4,0.15,0.7397
TLBO + Dynamic Priority,20260815,1,3,73.25,72.6056,71.6668,0,0,57.5,1.5,0.4,0.15,0.7413
TLBO + Dynamic Priority,20260815,1,4,73.25,72.8035,71.8052,0,0,57.5,1.5,0.4,0.15,0.441
TLBO + Dynamic Priority,20260815,1,5,73.25,72.9841,72.0464,0,0,57.5,1.5,0.4,0.15,0.4291
TLBO + Dynamic Priority,20260815,1,6,73.25,73.1346,72.5976,0,0,57.5,1.5,0.4,0.15,0.3911
TLBO + Dynamic Priority,20260815,1,7,73.25,73.2161,72.9788,0,0,57.5,1.5,0.4,0.15,0.2181
TLBO + Dynamic Priority,20260815,1,8,73.25,73.25,73.25,0,0,57.5,1.5,0.4,0.15,0.1883
TLBO + Dynamic Priority,20260815,1,9,73.25,73.25,73.25,0,0,57.5,1.5,0.4,0.15,0.2968
TLBO + Dynamic Priority,20260815,1,10,73.25,73.25,73.25,0,0,57.5,1.5,0.4,0.15,0.15
TLBO + Dynamic Priority,20260815,1,11,73.25,73.25,73.25,0,0,57.5,1.5,0.4,0.15,0.2288
TLBO + Dynamic Priority,20260815,1,12,73.25,73.25,73.25,0,0,57.5,1.5,0.4,0.15,0.139
TLBO + Dynamic Priority,20260815,1,13,73.25,73.25,73.25,0,0,57.5,1.5,0.4,0.15,0.1546
TLBO + Dynamic Priority,20260815,1,14,73.25,73.25,73.25,0,0,57.5,1.5,0.4,0.15,0.296
TLBO + Dynamic Priority,20260815,1,15,73.25,73.25,73.25,0,0,57.5,1.5,0.4,0.15,0.1804
TLBO + Dynamic Priority,20260816,2,1,72.3896,62.9885,0.0,0,0,62.5,1.5,0.4,0.15,0.8683
TLBO + Dynamic Priority,20260816,2,2,72.3896,72.0373,70.776,0,0,62.5,1.5,0.4,0.15,0.5971
TLBO + Dynamic Priority,20260816,2,3,72.3896,72.239,71.7284,0,0,62.5,1.5,0.4,0.15,0.6887
TLBO + Dynamic Priority,20260816,2,4,72.3896,72.3216,72.0936,0,0,62.5,1.5,0.4,0.15,0.6703
TLBO + Dynamic Priority,20260816,2,5,72.56,72.3799,72.2268,0,0,62.5,1.5,0.4,0.15,0.4892
TLBO + Dynamic Priority,20260816,2,6,72.6836,72.4686,72.324,0,0,62.5,1.5,0.4,0.15,0.5313
TLBO + Dynamic Priority,20260816,2,7,72.6836,72.5344,72.37,0,0,62.5,1.5,0.4,0.15,0.9546
TLBO + Dynamic Priority,20260816,2,8,72.6836,72.5917,72.4724,0,0,62.5,1.5,0.4,0.15,0.4337
TLBO + Dynamic Priority,20260816,2,9,72.7116,72.6906,72.6836,0,0,62.5,1.5,0.4,0.15,0.4072
TLBO + Dynamic Priority,20260816,2,10,73.0304,72.7746,72.6836,0,0,62.5,1.5,0.4,0.15,0.4453
TLBO + Dynamic Priority,20260816,2,11,73.0304,72.818,72.6836,0,0,62.5,1.5,0.4,0.15,0.703
TLBO + Dynamic Priority,20260816,2,12,73.0344,72.8663,72.6836,0,0,63.75,1.5,0.4,0.15,0.5267
TLBO + Dynamic Priority,20260816,2,13,73.0532,72.9361,72.698,0,0,62.5,1.5,0.4,0.15,0.3926
TLBO + Dynamic Priority,20260816,2,14,73.0952,72.9937,72.762,0,0,62.5,1.5,0.4,0.15,0.3778
TLBO + Dynamic Priority,20260816,2,15,73.1616,73.0751,72.846,0,0,63.75,1.5,0.4,0.15,0.3964
TLBO + Dynamic Priority,20260816,2,16,73.19,73.1364,73.0952,0,0,63.75,1.5,0.4,0.15,0.5159
TLBO + Dynamic Priority,20260816,2,17,73.19,73.1496,73.1132,0,0,63.75,1.5,0.4,0.15,0.5883
TLBO + Dynamic Priority,20260816,2,18,73.19,73.1718,73.1456,0,0,63.75,1.5,0.4,0.15,0.6831
TLBO + Dynamic Priority,20260816,2,19,73.19,73.1774,73.1456,0,0,63.75,1.5,0.4,0.15,0.3965
TLBO + Dynamic Priority,20260816,2,20,73.19,73.1864,73.1616,0,0,63.75,1.5,0.4,0.15,0.4566
TLBO + Dynamic Priority,20260816,2,21,73.2872,73.2022,73.19,0,0,62.5,1.5,0.4,0.15,0.6511
TLBO + Dynamic Priority,20260816,2,22,73.2872,73.2264,73.19,0,0,62.5,1.5,0.4,0.15,0.55
TLBO + Dynamic Priority,20260816,2,23,73.2872,73.2567,73.19,0,0,62.5,1.5,0.4,0.15,0.4754
TLBO + Dynamic Priority,20260816,2,24,73.2872,73.275,73.19,0,0,62.5,1.5,0.4,0.15,0.4273
TLBO + Dynamic Priority,20260816,2,25,73.2872,73.2872,73.2872,0,0,62.5,1.5,0.4,0.15,0.3074
TLBO + Dynamic Priority,20260816,2,26,73.2872,73.2872,73.2872,0,0,62.5,1.5,0.4,0.15,0.2743
TLBO + Dynamic Priority,20260816,2,27,73.2872,73.2872,73.2872,0,0,62.5,1.5,0.4,0.15,0.3309
TLBO + Dynamic Priority,20260816,2,28,73.2872,73.2872,73.2872,0,0,62.5,1.5,0.4,0.15,0.4019
TLBO + Dynamic Priority,20260816,2,29,73.2872,73.2872,73.2872,0,0,62.5,1.5,0.4,0.15,0.3491
TLBO + Dynamic Priority,20260816,2,30,73.2872,73.2872,73.2872,0,0,62.5,1.5,0.4,0.15,0.3136
TLBO + Dynamic Priority,20260816,2,31,73.2872,73.2872,73.2872,0,0,62.5,1.5,0.4,0.15,0.3836
TLBO + Dynamic Priority,20260817,3,1,72.3628,44.9916,0.0,0,0,60.0,1.5,0.4,0.15,0.8167
TLBO + Dynamic Priority,20260817,3,2,72.3628,54.037,0.0,0,0,60.0,1.5,0.4,0.15,0.6767
TLBO + Dynamic Priority,20260817,3,3,72.3628,63.0823,0.0,0,0,60.0,1.5,0.4,0.15,0.5013
TLBO + Dynamic Priority,20260817,3,4,72.3628,72.1277,71.6468,0,0,60.0,1.5,0.4,0.15,0.6128
TLBO + Dynamic Priority,20260817,3,5,72.486,72.236,71.7624,0,0,61.25,1.5,0.4,0.15,0.4507
TLBO + Dynamic Priority,20260817,3,6,72.486,72.3372,71.8304,0,0,61.25,1.5,0.4,0.15,0.5124
TLBO + Dynamic Priority,20260817,3,7,72.486,72.4191,72.3308,0,0,61.25,1.5,0.4,0.15,0.4028
TLBO + Dynamic Priority,20260817,3,8,72.486,72.4609,72.4008,0,0,61.25,1.5,0.4,0.15,0.3147
TLBO + Dynamic Priority,20260817,3,9,72.486,72.4716,72.4284,0,0,61.25,1.5,0.4,0.15,0.2368
TLBO + Dynamic Priority,20260817,3,10,72.486,72.4824,72.4572,0,0,61.25,1.5,0.4,0.15,0.2154
TLBO + Dynamic Priority,20260817,3,11,72.752,72.5192,72.486,0,0,60.0,1.5,0.4,0.15,0.2209
TLBO + Dynamic Priority,20260817,3,12,72.8624,72.6141,72.486,0,0,60.0,1.5,0.4,0.15,0.3842
TLBO + Dynamic Priority,20260817,3,13,72.9812,72.7271,72.486,0,0,60.0,1.5,0.4,0.15,0.7808
TLBO + Dynamic Priority,20260817,3,14,72.9812,72.8555,72.486,0,0,60.0,1.5,0.4,0.15,0.5599
TLBO + Dynamic Priority,20260817,3,15,72.9812,72.9579,72.9008,0,0,60.0,1.5,0.4,0.15,0.5026
TLBO + Dynamic Priority,20260817,3,16,73.0676,72.9818,72.9404,0,0,61.25,1.5,0.4,0.15,0.4487
TLBO + Dynamic Priority,20260817,3,17,73.16,73.0281,72.9812,0,0,60.0,1.5,0.4,0.15,0.5144
TLBO + Dynamic Priority,20260817,3,18,73.16,73.0505,72.9812,0,0,60.0,1.5,0.4,0.15,0.4714
TLBO + Dynamic Priority,20260817,3,19,73.16,73.0729,72.9812,0,0,60.0,1.5,0.4,0.15,0.4219
TLBO + Dynamic Priority,20260817,3,20,73.16,73.1068,72.9812,0,0,60.0,1.5,0.4,0.15,0.2339
TLBO + Dynamic Priority,20260817,3,21,73.16,73.1291,73.0052,0,0,60.0,1.5,0.4,0.15,0.3066
TLBO + Dynamic Priority,20260817,3,22,73.16,73.1484,73.0676,0,0,60.0,1.5,0.4,0.15,0.1178
TLBO + Dynamic Priority,20260817,3,23,73.16,73.16,73.16,0,0,60.0,1.5,0.4,0.15,0.1307
TLBO + Dynamic Priority,20260817,3,24,73.16,73.16,73.16,0,0,60.0,1.5,0.4,0.15,0.1503
TLBO + Dynamic Priority,20260817,3,25,73.16,73.16,73.16,0,0,60.0,1.5,0.4,0.15,0.0873
TLBO + Dynamic Priority,20260817,3,26,73.16,73.16,73.16,0,0,60.0,1.5,0.4,0.15,0.1153
TLBO + Dynamic Priority,20260817,3,27,73.16,73.16,73.16,0,0,60.0,1.5,0.4,0.15,0.1249
TLBO + Dynamic Priority,20260818,4,1,72.7404,45.0241,0.0,0,0,61.25,1.5,0.4,0.15,0.3601
TLBO + Dynamic Priority,20260818,4,2,72.7404,54.1167,0.0,0,0,61.25,1.5,0.4,0.15,0.3072
TLBO + Dynamic Priority,20260818,4,3,73.0568,63.2488,0.0,0,0,63.75,1.5,0.4,0.15,0.3754
TLBO + Dynamic Priority,20260818,4,4,73.0568,72.4321,71.4644,0,0,63.75,1.5,0.4,0.15,0.8404
TLBO + Dynamic Priority,20260818,4,5,73.0568,72.6359,71.7688,0,0,63.75,1.5,0.4,0.15,0.8976
TLBO + Dynamic Priority,20260818,4,6,73.0568,72.8156,72.0692,0,0,63.75,1.5,0.4,0.15,0.6854
TLBO + Dynamic Priority,20260818,4,7,73.0568,72.939,72.1504,0,0,63.75,1.5,0.4,0.15,1.9765
TLBO + Dynamic Priority,20260818,4,8,73.0964,73.0617,73.0568,0,0,63.75,1.5,0.4,0.15,0.6616
TLBO + Dynamic Priority,20260818,4,9,73.0964,73.0766,73.0568,0,0,63.75,1.5,0.4,0.15,0.6511
TLBO + Dynamic Priority,20260818,4,10,73.2236,73.1123,73.0964,0,0,63.75,1.5,0.4,0.15,0.6677
TLBO + Dynamic Priority,20260818,4,11,73.2236,73.1737,73.0964,0,0,63.75,1.5,0.4,0.15,0.8331
TLBO + Dynamic Priority,20260818,4,12,73.2236,73.2214,73.2056,0,0,63.75,1.5,0.4,0.15,0.7365
TLBO + Dynamic Priority,20260818,4,13,73.2236,73.2236,73.2236,0,0,63.75,1.5,0.4,0.15,0.4093
TLBO + Dynamic Priority,20260818,4,14,73.2236,73.2236,73.2236,0,0,63.75,1.5,0.4,0.15,68.8591
TLBO + Dynamic Priority,20260818,4,15,73.2236,73.2236,73.2236,0,0,63.75,1.5,0.4,0.15,0.4869
TLBO + Dynamic Priority,20260818,4,16,73.2236,73.2236,73.2236,0,0,63.75,1.5,0.4,0.15,0.5156
TLBO + Dynamic Priority,20260818,4,17,73.2236,73.2236,73.2236,0,0,63.75,1.5,0.4,0.15,0.4427
TLBO + Dynamic Priority,20260818,4,18,73.2236,73.2236,73.2236,0,0,63.75,1.5,0.4,0.15,0.4035
TLBO + Dynamic Priority,20260818,4,19,73.2236,73.2236,73.2236,0,0,63.75,1.5,0.4,0.15,0.3754
TLBO + Dynamic Priority,20260818,4,20,73.2236,73.2236,73.2236,0,0,63.75,1.5,0.4,0.15,0.3571
TLBO + Dynamic Priority,20260819,5,1,72.576,45.0245,0.0,0,0,63.75,1.5,0.4,0.15,3772.408
TLBO + Dynamic Priority,20260819,5,2,72.576,54.0965,0.0,0,0,63.75,1.5,0.4,0.15,1.4392
TLBO + Dynamic Priority,20260819,5,3,72.576,63.1685,0.0,0,0,63.75,1.5,0.4,0.15,1.0569
TLBO + Dynamic Priority,20260819,5,4,72.576,72.2405,71.4372,0,0,63.75,1.5,0.4,0.15,0.7266
TLBO + Dynamic Priority,20260819,5,5,72.576,72.3828,71.7656,0,0,63.75,1.5,0.4,0.15,39066.6209
TLBO + Dynamic Priority,20260819,5,6,72.922,72.5563,72.1372,0,0,62.5,1.5,0.4,0.15,2.4742
TLBO + Dynamic Priority,20260819,5,7,72.922,72.7118,72.28,0,0,62.5,1.5,0.4,0.15,1.0716
TLBO + Dynamic Priority,20260819,5,8,72.958,72.8848,72.6224,0,0,65.0,1.5,0.4,0.15,0.8998
TLBO + Dynamic Priority,20260819,5,9,73.0528,72.9431,72.904,0,0,66.25,1.5,0.4,0.15,0.901
TLBO + Dynamic Priority,20260819,5,10,73.1572,73.0092,72.922,0,0,63.75,1.5,0.4,0.15,0.7498
TLBO + Dynamic Priority,20260819,5,11,73.1712,73.0782,72.958,0,0,65.0,1.5,0.4,0.15,0.7477
TLBO + Dynamic Priority,20260819,5,12,73.33,73.133,72.976,0,0,63.75,1.5,0.4,0.15,1.1081
TLBO + Dynamic Priority,20260819,5,13,73.33,73.1903,73.0528,0,0,63.75,1.5,0.4,0.15,0.618
TLBO + Dynamic Priority,20260819,5,14,73.33,73.2504,73.1532,0,0,63.75,1.5,0.4,0.15,0.5714
TLBO + Dynamic Priority,20260819,5,15,73.33,73.2725,73.1572,0,0,63.75,1.5,0.4,0.15,0.4785
TLBO + Dynamic Priority,20260819,5,16,73.33,73.2986,73.1932,0,0,63.75,1.5,0.4,0.15,0.3618
TLBO + Dynamic Priority,20260819,5,17,73.33,73.3157,73.2156,0,0,63.75,1.5,0.4,0.15,0.4847
TLBO + Dynamic Priority,20260819,5,18,73.33,73.33,73.33,0,0,63.75,1.5,0.4,0.15,0.1701
TLBO + Dynamic Priority,20260819,5,19,73.33,73.33,73.33,0,0,63.75,1.5,0.4,0.15,0.2082
TLBO + Dynamic Priority,20260819,5,20,73.33,73.33,73.33,0,0,63.75,1.5,0.4,0.15,0.1476
TLBO + Dynamic Priority,20260819,5,21,73.33,73.33,73.33,0,0,63.75,1.5,0.4,0.15,0.1816
TLBO + Dynamic Priority,20260819,5,22,73.33,73.33,73.33,0,0,63.75,1.5,0.4,0.15,0.1143
TLBO + Dynamic Priority,20260820,6,1,72.694,36.1547,0.0,0,0,65.0,1.5,0.4,0.15,0.4298
TLBO + Dynamic Priority,20260820,6,2,72.694,45.2415,0.0,0,0,65.0,1.5,0.4,0.15,0.5457
TLBO + Dynamic Priority,20260820,6,3,72.694,54.3282,0.0,0,0,65.0,1.5,0.4,0.15,0.599
TLBO + Dynamic Priority,20260820,6,4,72.694,63.415,0.0,0,0,65.0,1.5,0.4,0.15,0.5512
TLBO + Dynamic Priority,20260820,6,5,72.694,72.5017,71.7308,0,0,65.0,1.5,0.4,0.15,0.3557
TLBO + Dynamic Priority,20260820,6,6,72.8,72.6354,72.2688,0,0,65.0,1.5,0.4,0.15,0.2933
TLBO + Dynamic Priority,20260820,6,7,72.9064,72.7717,72.544,0,0,65.0,1.5,0.4,0.15,0.2996
TLBO + Dynamic Priority,20260820,6,8,72.9448,72.8481,72.7276,0,0,63.75,1.5,0.4,0.15,0.3325
TLBO + Dynamic Priority,20260820,6,9,73.0672,72.962,72.8,0,0,63.75,1.5,0.4,0.15,0.3248
TLBO + Dynamic Priority,20260820,6,10,73.204,73.0226,72.9344,0,0,63.75,1.5,0.4,0.15,0.3426
TLBO + Dynamic Priority,20260820,6,11,73.306,73.1341,72.9728,0,0,63.75,1.5,0.4,0.15,0.4152
TLBO + Dynamic Priority,20260820,6,12,73.306,73.2171,73.0064,0,0,63.75,1.5,0.4,0.15,0.3232
TLBO + Dynamic Priority,20260820,6,13,73.306,73.2734,73.204,0,0,63.75,1.5,0.4,0.15,0.2336
TLBO + Dynamic Priority,20260820,6,14,73.306,73.2928,73.2532,0,0,63.75,1.5,0.4,0.15,0.2089
TLBO + Dynamic Priority,20260820,6,15,73.306,73.2994,73.2532,0,0,63.75,1.5,0.4,0.15,0.153
TLBO + Dynamic Priority,20260820,6,16,73.306,73.306,73.306,0,0,63.75,1.5,0.4,0.15,0.1552
TLBO + Dynamic Priority,20260820,6,17,73.306,73.306,73.306,0,0,63.75,1.5,0.4,0.15,0.1301
TLBO + Dynamic Priority,20260820,6,18,73.306,73.306,73.306,0,0,63.75,1.5,0.4,0.15,0.1291
TLBO + Dynamic Priority,20260820,6,19,73.306,73.306,73.306,0,0,63.75,1.5,0.4,0.15,0.1271
TLBO + Dynamic Priority,20260820,6,20,73.306,73.306,73.306,0,0,63.75,1.5,0.4,0.15,0.154
TLBO + Dynamic Priority,20260820,6,21,73.306,73.306,73.306,0,0,63.75,1.5,0.4,0.15,0.1286
TLBO + Dynamic Priority,20260821,7,1,72.3316,35.9448,0.0,0,0,60.0,1.5,0.4,0.15,0.4451
TLBO + Dynamic Priority,20260821,7,2,72.3316,44.9862,0.0,0,0,60.0,1.5,0.4,0.15,0.4051
TLBO + Dynamic Priority,20260821,7,3,72.3316,63.0287,0.0,0,0,60.0,1.5,0.4,0.15,0.3555
TLBO + Dynamic Priority,20260821,7,4,72.3316,72.0701,71.54,0,0,60.0,1.5,0.4,0.15,0.2684
TLBO + Dynamic Priority,20260821,7,5,72.3316,72.1691,71.6428,0,0,60.0,1.5,0.4,0.15,0.2284
TLBO + Dynamic Priority,20260821,7,6,72.38,72.2612,72.008,0,0,60.0,1.5,0.4,0.15,0.2216
TLBO + Dynamic Priority,20260821,7,7,72.578,72.355,72.044,0,0,61.25,1.5,0.4,0.15,0.3217
TLBO + Dynamic Priority,20260821,7,8,72.578,72.4853,72.3316,0,0,61.25,1.5,0.4,0.15,0.2848
TLBO + Dynamic Priority,20260821,7,9,72.578,72.5376,72.434,0,0,61.25,1.5,0.4,0.15,0.2886
TLBO + Dynamic Priority,20260821,7,10,72.578,72.5633,72.4904,0,0,61.25,1.5,0.4,0.15,0.2016
TLBO + Dynamic Priority,20260821,7,11,72.7496,72.5957,72.548,0,0,61.25,1.5,0.4,0.15,0.1904
TLBO + Dynamic Priority,20260821,7,12,72.9904,72.6945,72.578,0,0,63.75,1.5,0.4,0.15,0.2478
TLBO + Dynamic Priority,20260821,7,13,72.9904,72.746,72.578,0,0,63.75,1.5,0.4,0.15,0.3323
TLBO + Dynamic Priority,20260821,7,14,72.9948,72.8478,72.606,0,0,60.0,1.5,0.4,0.15,0.4405
TLBO + Dynamic Priority,20260821,7,15,73.1332,72.9376,72.7496,0,0,62.5,1.5,0.4,0.15,0.3161
TLBO + Dynamic Priority,20260821,7,16,73.1352,73.047,72.7496,0,0,58.75,1.5,0.4,0.15,0.2904
TLBO + Dynamic Priority,20260821,7,17,73.1352,73.0952,72.9904,0,0,58.75,1.5,0.4,0.15,0.2665
TLBO + Dynamic Priority,20260821,7,18,73.1352,73.1292,73.0932,0,0,58.75,1.5,0.4,0.15,0.3049
TLBO + Dynamic Priority,20260821,7,19,73.224,73.1534,73.1332,0,0,61.25,1.5,0.4,0.15,0.3692
TLBO + Dynamic Priority,20260821,7,20,73.272,73.1853,73.1332,0,0,58.75,1.5,0.4,0.15,0.4026
TLBO + Dynamic Priority,20260821,7,21,73.272,73.2138,73.1352,0,0,58.75,1.5,0.4,0.15,0.344
TLBO + Dynamic Priority,20260821,7,22,73.272,73.2369,73.1796,0,0,58.75,1.5,0.4,0.15,0.2583
TLBO + Dynamic Priority,20260821,7,23,73.272,73.254,73.224,0,0,58.75,1.5,0.4,0.15,0.2413
TLBO + Dynamic Priority,20260821,7,24,73.272,73.26,73.224,0,0,58.75,1.5,0.4,0.15,0.2464
TLBO + Dynamic Priority,20260821,7,25,73.272,73.272,73.272,0,0,58.75,1.5,0.4,0.15,0.2092
TLBO + Dynamic Priority,20260821,7,26,73.272,73.272,73.272,0,0,58.75,1.5,0.4,0.15,0.2032
TLBO + Dynamic Priority,20260821,7,27,73.3212,73.2782,73.272,0,0,60.0,1.5,0.4,0.15,0.207
TLBO + Dynamic Priority,20260821,7,28,73.3212,73.2905,73.272,0,0,60.0,1.5,0.4,0.15,0.2668
TLBO + Dynamic Priority,20260821,7,29,73.3212,73.2966,73.272,0,0,60.0,1.5,0.4,0.15,0.3136
TLBO + Dynamic Priority,20260821,7,30,73.3212,73.3028,73.272,0,0,60.0,1.5,0.4,0.15,0.2249
TLBO + Dynamic Priority,20260821,7,31,73.374,73.3217,73.272,0,0,60.0,1.5,0.4,0.15,0.2163
TLBO + Dynamic Priority,20260821,7,32,73.374,73.3476,73.3212,0,0,60.0,1.5,0.4,0.15,0.1501
TLBO + Dynamic Priority,20260821,7,33,73.374,73.374,73.374,0,0,60.0,1.5,0.4,0.15,0.1426
TLBO + Dynamic Priority,20260821,7,34,73.374,73.374,73.374,0,0,60.0,1.5,0.4,0.15,0.1089
TLBO + Dynamic Priority,20260821,7,35,73.374,73.374,73.374,0,0,60.0,1.5,0.4,0.15,0.1065
TLBO + Dynamic Priority,20260821,7,36,73.374,73.374,73.374,0,0,60.0,1.5,0.4,0.15,0.1025
TLBO + Dynamic Priority,20260821,7,37,73.374,73.374,73.374,0,0,60.0,1.5,0.4,0.15,0.1028
TLBO + Dynamic Priority,20260821,7,38,73.374,73.374,73.374,0,0,60.0,1.5,0.4,0.15,0.1395
TLBO + Dynamic Priority,20260821,7,39,73.374,73.374,73.374,0,0,60.0,1.5,0.4,0.15,0.0901
TLBO + Dynamic Priority,20260821,7,40,73.374,73.374,73.374,0,0,60.0,1.5,0.4,0.15,0.0613
TLBO + Dynamic Priority,20260821,7,41,73.374,73.374,73.374,0,0,60.0,1.5,0.4,0.15,0.1069
TLBO + Dynamic Priority,20260822,8,1,72.3856,54.1009,0.0,0,0,58.75,1.5,0.4,0.15,0.3538
TLBO + Dynamic Priority,20260822,8,2,72.3856,63.161,0.0,0,0,58.75,1.5,0.4,0.15,0.2835
TLBO + Dynamic Priority,20260822,8,3,72.3856,72.2092,71.9504,0,0,58.75,1.5,0.4,0.15,0.394
TLBO + Dynamic Priority,20260822,8,4,72.3856,72.2636,72.0184,0,0,58.75,1.5,0.4,0.15,0.2958
TLBO + Dynamic Priority,20260822,8,5,72.4136,72.3483,72.1076,0,0,67.5,1.5,0.4,0.15,0.2078
TLBO + Dynamic Priority,20260822,8,6,72.4136,72.3866,72.3376,0,0,67.5,1.5,0.4,0.15,0.2353
TLBO + Dynamic Priority,20260822,8,7,72.4136,72.3961,72.3856,0,0,67.5,1.5,0.4,0.15,0.2173
TLBO + Dynamic Priority,20260822,8,8,72.4136,72.3996,72.3856,0,0,67.5,1.5,0.4,0.15,0.2326
TLBO + Dynamic Priority,20260822,8,9,72.4468,72.4073,72.3856,0,0,67.5,1.5,0.4,0.15,0.24
TLBO + Dynamic Priority,20260822,8,10,72.9344,72.48,72.3856,0,0,68.75,1.5,0.4,0.15,0.2536
TLBO + Dynamic Priority,20260822,8,11,72.9344,72.5944,72.3856,0,0,68.75,1.5,0.4,0.15,0.2885
TLBO + Dynamic Priority,20260822,8,12,72.9344,72.7274,72.4744,0,0,68.75,1.5,0.4,0.15,0.322
TLBO + Dynamic Priority,20260822,8,13,72.9344,72.8354,72.6364,0,0,68.75,1.5,0.4,0.15,0.7862
TLBO + Dynamic Priority,20260822,8,14,72.9344,72.8727,72.6676,0,0,68.75,1.5,0.4,0.15,0.2921
TLBO + Dynamic Priority,20260822,8,15,72.9344,72.9143,72.7736,0,0,68.75,1.5,0.4,0.15,0.3003
TLBO + Dynamic Priority,20260822,8,16,73.0124,72.9441,72.9344,0,0,68.75,1.5,0.4,0.15,0.2342
TLBO + Dynamic Priority,20260822,8,17,73.0124,72.9831,72.9344,0,0,68.75,1.5,0.4,0.15,0.2871
TLBO + Dynamic Priority,20260822,8,18,73.0952,73.0228,73.0124,0,0,68.75,1.5,0.4,0.15,0.2565
TLBO + Dynamic Priority,20260822,8,19,73.0952,73.0641,73.0124,0,0,68.75,1.5,0.4,0.15,0.1577
TLBO + Dynamic Priority,20260822,8,20,73.0952,73.0849,73.0124,0,0,68.75,1.5,0.4,0.15,0.216
TLBO + Dynamic Priority,20260822,8,21,73.0952,73.0952,73.0952,0,0,68.75,1.5,0.4,0.15,0.1865
TLBO + Dynamic Priority,20260822,8,22,73.0952,73.0952,73.0952,0,0,68.75,1.5,0.4,0.15,0.1521
TLBO + Dynamic Priority,20260822,8,23,73.0952,73.0952,73.0952,0,0,68.75,1.5,0.4,0.15,0.1426
TLBO + Dynamic Priority,20260822,8,24,73.0952,73.0952,73.0952,0,0,68.75,1.5,0.4,0.15,0.1583
TLBO + Dynamic Priority,20260822,8,25,73.0952,73.0952,73.0952,0,0,68.75,1.5,0.4,0.15,0.1314
TLBO + Dynamic Priority,20260822,8,26,73.0952,73.0952,73.0952,0,0,68.75,1.5,0.4,0.15,0.1192
TLBO + Dynamic Priority,20260822,8,27,73.0952,73.0952,73.0952,0,0,68.75,1.5,0.4,0.15,0.1178
TLBO + Dynamic Priority,20260822,8,28,73.0952,73.0952,73.0952,0,0,68.75,1.5,0.4,0.15,0.1323
TLBO + Dynamic Priority,20260823,9,1,72.4116,27.0027,0.0,0,0,62.5,1.5,0.4,0.15,0.55
TLBO + Dynamic Priority,20260823,9,2,72.4116,36.0943,0.0,0,0,62.5,1.5,0.4,0.15,0.4709
TLBO + Dynamic Priority,20260823,9,3,72.4116,45.1457,0.0,0,0,62.5,1.5,0.4,0.15,0.4341
TLBO + Dynamic Priority,20260823,9,4,72.4116,54.1972,0.0,0,0,62.5,1.5,0.4,0.15,0.4859
TLBO + Dynamic Priority,20260823,9,5,72.4116,63.2486,0.0,0,0,62.5,1.5,0.4,0.15,0.3834
TLBO + Dynamic Priority,20260823,9,6,72.774,72.367,71.692,0,0,62.5,1.5,0.4,0.15,0.2969
TLBO + Dynamic Priority,20260823,9,7,72.774,72.5022,72.4116,0,0,62.5,1.5,0.4,0.15,0.3928
TLBO + Dynamic Priority,20260823,9,8,72.774,72.5475,72.4116,0,0,62.5,1.5,0.4,0.15,0.321
TLBO + Dynamic Priority,20260823,9,9,72.774,72.5928,72.4116,0,0,62.5,1.5,0.4,0.15,0.2474
TLBO + Dynamic Priority,20260823,9,10,72.774,72.6381,72.4116,0,0,62.5,1.5,0.4,0.15,0.2611
TLBO + Dynamic Priority,20260823,9,11,72.774,72.6834,72.4116,0,0,62.5,1.5,0.4,0.15,0.2011
TLBO + Dynamic Priority,20260823,9,12,72.774,72.7287,72.4116,0,0,62.5,1.5,0.4,0.15,0.1758
TLBO + Dynamic Priority,20260823,9,13,72.774,72.774,72.774,0,0,62.5,1.5,0.4,0.15,0.1875
TLBO + Dynamic Priority,20260823,9,14,72.8124,72.7788,72.774,0,0,63.75,1.5,0.4,0.15,0.1663
TLBO + Dynamic Priority,20260823,9,15,72.9344,72.8037,72.774,0,0,63.75,1.5,0.4,0.15,0.2624
TLBO + Dynamic Priority,20260823,9,16,72.9344,72.858,72.774,0,0,63.75,1.5,0.4,0.15,0.3207
TLBO + Dynamic Priority,20260823,9,17,72.9732,72.9155,72.8124,0,0,63.75,1.5,0.4,0.15,0.3003
TLBO + Dynamic Priority,20260823,9,18,72.9752,72.946,72.9092,0,0,63.75,1.5,0.4,0.15,0.2702
TLBO + Dynamic Priority,20260823,9,19,72.9752,72.9594,72.9344,0,0,63.75,1.5,0.4,0.15,0.2706
TLBO + Dynamic Priority,20260823,9,20,72.9752,72.9645,72.9344,0,0,63.75,1.5,0.4,0.15,0.2329
TLBO + Dynamic Priority,20260823,9,21,73.0172,72.9751,72.9344,0,0,63.75,1.5,0.4,0.15,0.2483
TLBO + Dynamic Priority,20260823,9,22,73.0172,72.9934,72.9752,0,0,63.75,1.5,0.4,0.15,0.2851
TLBO + Dynamic Priority,20260823,9,23,73.0172,72.9987,72.9752,0,0,63.75,1.5,0.4,0.15,0.2753
TLBO + Dynamic Priority,20260823,9,24,73.0616,73.0178,72.9752,0,0,63.75,1.5,0.4,0.15,0.1918
TLBO + Dynamic Priority,20260823,9,25,73.0616,73.0397,72.9752,0,0,63.75,1.5,0.4,0.15,0.1608
TLBO + Dynamic Priority,20260823,9,26,73.0616,73.056,73.0172,0,0,63.75,1.5,0.4,0.15,0.1142
TLBO + Dynamic Priority,20260823,9,27,73.0616,73.0616,73.0616,0,0,63.75,1.5,0.4,0.15,0.0905
TLBO + Dynamic Priority,20260823,9,28,73.0616,73.0616,73.0616,0,0,63.75,1.5,0.4,0.15,0.1094
TLBO + Dynamic Priority,20260823,9,29,73.0616,73.0616,73.0616,0,0,63.75,1.5,0.4,0.15,0.1544
TLBO + Dynamic Priority,20260823,9,30,73.0616,73.0616,73.0616,0,0,63.75,1.5,0.4,0.15,0.1491
TLBO + Dynamic Priority,20260823,9,31,73.0616,73.0616,73.0616,0,0,63.75,1.5,0.4,0.15,0.1392
TLBO + Dynamic Priority,20260823,9,32,73.0616,73.0616,73.0616,0,0,63.75,1.5,0.4,0.15,0.1116
TLBO + Dynamic Priority,20260823,9,33,73.0616,73.0616,73.0616,0,0,63.75,1.5,0.4,0.15,0.1125
TLBO + Dynamic Priority,20260823,9,34,73.0616,73.0616,73.0616,0,0,63.75,1.5,0.4,0.15,0.1344
TLBO + Dynamic Priority,20260824,10,1,72.8488,36.0585,0.0,0,0,63.75,1.5,0.4,0.15,0.3397
TLBO + Dynamic Priority,20260824,10,2,72.8488,54.1549,0.0,0,0,63.75,1.5,0.4,0.15,0.3286
TLBO + Dynamic Priority,20260824,10,3,72.8488,63.261,0.0,0,0,63.75,1.5,0.4,0.15,0.2978
TLBO + Dynamic Priority,20260824,10,4,72.8488,72.3671,71.7724,0,0,63.75,1.5,0.4,0.15,0.2966
TLBO + Dynamic Priority,20260824,10,5,72.8488,72.5055,71.8368,0,0,63.75,1.5,0.4,0.15,0.2019
TLBO + Dynamic Priority,20260824,10,6,72.8488,72.632,71.922,0,0,63.75,1.5,0.4,0.15,0.1942
TLBO + Dynamic Priority,20260824,10,7,72.8488,72.7478,72.0412,0,0,63.75,1.5,0.4,0.15,0.1411
TLBO + Dynamic Priority,20260824,10,8,72.8488,72.8488,72.8488,0,0,63.75,1.5,0.4,0.15,0.1313
TLBO + Dynamic Priority,20260824,10,9,72.8488,72.8488,72.8488,0,0,63.75,1.5,0.4,0.15,0.1054
TLBO + Dynamic Priority,20260824,10,10,72.9192,72.8586,72.8488,0,0,63.75,1.5,0.4,0.15,0.2333
TLBO + Dynamic Priority,20260824,10,11,72.9192,72.8674,72.8488,0,0,63.75,1.5,0.4,0.15,0.2594
TLBO + Dynamic Priority,20260824,10,12,73.0276,72.8975,72.8488,0,0,60.0,1.5,0.4,0.15,0.4376
TLBO + Dynamic Priority,20260824,10,13,73.0276,72.9234,72.8488,0,0,60.0,1.5,0.4,0.15,0.5027
TLBO + Dynamic Priority,20260824,10,14,73.0276,72.9621,72.8728,0,0,60.0,1.5,0.4,0.15,0.3339
TLBO + Dynamic Priority,20260824,10,15,73.0276,72.9814,72.9192,0,0,60.0,1.5,0.4,0.15,0.3199
TLBO + Dynamic Priority,20260824,10,16,73.0276,72.995,72.9192,0,0,60.0,1.5,0.4,0.15,0.2497
TLBO + Dynamic Priority,20260824,10,17,73.072,73.0196,72.9192,0,0,61.25,1.5,0.4,0.15,0.1784
TLBO + Dynamic Priority,20260824,10,18,73.072,73.0387,73.0276,0,0,61.25,1.5,0.4,0.15,0.2434
TLBO + Dynamic Priority,20260824,10,19,73.072,73.0443,73.0276,0,0,61.25,1.5,0.4,0.15,0.2461
TLBO + Dynamic Priority,20260824,10,20,73.072,73.0498,73.0276,0,0,61.25,1.5,0.4,0.15,0.2871
TLBO + Dynamic Priority,20260824,10,21,73.072,73.0554,73.0276,0,0,61.25,1.5,0.4,0.15,0.2703
TLBO + Dynamic Priority,20260824,10,22,73.12,73.0725,73.0276,0,0,62.5,1.5,0.4,0.15,0.1808
TLBO + Dynamic Priority,20260824,10,23,73.1692,73.1082,73.072,0,0,62.5,1.5,0.4,0.15,0.2553
TLBO + Dynamic Priority,20260824,10,24,73.1692,73.142,73.072,0,0,62.5,1.5,0.4,0.15,0.2791
TLBO + Dynamic Priority,20260824,10,25,73.222,73.1758,73.1692,0,0,62.5,1.5,0.4,0.15,0.2671
TLBO + Dynamic Priority,20260824,10,26,73.222,73.2022,73.1692,0,0,62.5,1.5,0.4,0.15,0.1826
TLBO + Dynamic Priority,20260824,10,27,73.222,73.2154,73.1692,0,0,62.5,1.5,0.4,0.15,0.1067
TLBO + Dynamic Priority,20260824,10,28,73.222,73.222,73.222,0,0,62.5,1.5,0.4,0.15,0.084
TLBO + Dynamic Priority,20260824,10,29,73.222,73.222,73.222,0,0,62.5,1.5,0.4,0.15,0.0744
TLBO + Dynamic Priority,20260824,10,30,73.222,73.222,73.222,0,0,62.5,1.5,0.4,0.15,0.0829
TLBO + Dynamic Priority,20260824,10,31,73.222,73.222,73.222,0,0,62.5,1.5,0.4,0.15,0.0718
TLBO + Dynamic Priority,20260824,10,32,73.222,73.222,73.222,0,0,62.5,1.5,0.4,0.15,0.086
TLBO + Dynamic Priority,20260824,10,33,73.222,73.222,73.222,0,0,62.5,1.5,0.4,0.15,0.0907
TLBO + Dynamic Priority,20260824,10,34,73.222,73.222,73.222,0,0,62.5,1.5,0.4,0.15,0.1199
TLBO + Dynamic Priority,20260824,10,35,73.222,73.222,73.222,0,0,62.5,1.5,0.4,0.15,0.1192
TLBO + Dynamic Priority + Faculty Satisfaction,20260915,1,1,93.144,34.7386,0.0,0,0,92.5,1.5,0.4,0.15,0.8193
TLBO + Dynamic Priority + Faculty Satisfaction,20260915,1,2,93.144,57.9857,0.0,0,0,92.5,1.5,0.4,0.15,0.7467
TLBO + Dynamic Priority + Faculty Satisfaction,20260915,1,3,93.1852,69.7578,0.0,0,0,92.5,1.5,0.4,0.15,0.6503
TLBO + Dynamic Priority + Faculty Satisfaction,20260915,1,4,93.1852,81.406,0.0,0,0,92.5,1.5,0.4,0.15,0.6244
TLBO + Dynamic Priority + Faculty Satisfaction,20260915,1,5,93.1852,93.0541,92.612,0,0,92.5,1.5,0.4,0.15,0.633
TLBO + Dynamic Priority + Faculty Satisfaction,20260915,1,6,93.1852,93.1257,92.8332,0,0,92.5,1.5,0.4,0.15,0.4418
TLBO + Dynamic Priority + Faculty Satisfaction,20260915,1,7,93.1852,93.1697,93.144,0,0,92.5,1.5,0.4,0.15,0.4045
TLBO + Dynamic Priority + Faculty Satisfaction,20260915,1,8,93.1852,93.1749,93.144,0,0,92.5,1.5,0.4,0.15,0.3803
TLBO + Dynamic Priority + Faculty Satisfaction,20260915,1,9,93.1852,93.18,93.144,0,0,92.5,1.5,0.4,0.15,0.3413
TLBO + Dynamic Priority + Faculty Satisfaction,20260915,1,10,93.1852,93.1852,93.1852,0,0,92.5,1.5,0.4,0.15,0.2173
TLBO + Dynamic Priority + Faculty Satisfaction,20260915,1,11,93.28,93.2048,93.1852,0,0,92.5,1.5,0.4,0.15,0.375
TLBO + Dynamic Priority + Faculty Satisfaction,20260915,1,12,93.422,93.3165,93.2164,0,0,92.5,1.5,0.4,0.15,0.5315
TLBO + Dynamic Priority + Faculty Satisfaction,20260915,1,13,93.4664,93.3846,93.28,0,0,92.5,1.5,0.4,0.15,0.6829
TLBO + Dynamic Priority + Faculty Satisfaction,20260915,1,14,93.4664,93.4129,93.3252,0,0,92.5,1.5,0.4,0.15,0.6386
TLBO + Dynamic Priority + Faculty Satisfaction,20260915,1,15,93.4664,93.4452,93.386,0,0,92.5,1.5,0.4,0.15,0.6094
TLBO + Dynamic Priority + Faculty Satisfaction,20260915,1,16,93.6572,93.4988,93.4664,0,0,92.5,1.5,0.4,0.15,0.4113
TLBO + Dynamic Priority + Faculty Satisfaction,20260915,1,17,93.6572,93.5882,93.5048,0,0,92.5,1.5,0.4,0.15,0.7194
TLBO + Dynamic Priority + Faculty Satisfaction,20260915,1,18,93.6872,93.6312,93.5744,0,0,92.5,1.5,0.4,0.15,0.6429
TLBO + Dynamic Priority + Faculty Satisfaction,20260915,1,19,93.6872,93.6454,93.5744,0,0,92.5,1.5,0.4,0.15,0.6951
TLBO + Dynamic Priority + Faculty Satisfaction,20260915,1,20,93.7316,93.6725,93.5852,0,0,92.5,1.5,0.4,0.15,0.7185
TLBO + Dynamic Priority + Faculty Satisfaction,20260915,1,21,93.7316,93.6983,93.6572,0,0,92.5,1.5,0.4,0.15,0.6649
TLBO + Dynamic Priority + Faculty Satisfaction,20260915,1,22,93.7316,93.7076,93.6572,0,0,92.5,1.5,0.4,0.15,0.8525
TLBO + Dynamic Priority + Faculty Satisfaction,20260915,1,23,93.7316,93.7199,93.6872,0,0,92.5,1.5,0.4,0.15,0.6168
TLBO + Dynamic Priority + Faculty Satisfaction,20260915,1,24,93.7316,93.7254,93.7112,0,0,92.5,1.5,0.4,0.15,0.507
TLBO + Dynamic Priority + Faculty Satisfaction,20260915,1,25,93.7316,93.7298,93.7172,0,0,92.5,1.5,0.4,0.15,0.2258
TLBO + Dynamic Priority + Faculty Satisfaction,20260915,1,26,93.7316,93.7316,93.7316,0,0,92.5,1.5,0.4,0.15,0.1598
TLBO + Dynamic Priority + Faculty Satisfaction,20260915,1,27,93.7316,93.7316,93.7316,0,0,92.5,1.5,0.4,0.15,0.1889
TLBO + Dynamic Priority + Faculty Satisfaction,20260915,1,28,93.7316,93.7316,93.7316,0,0,92.5,1.5,0.4,0.15,0.0864
TLBO + Dynamic Priority + Faculty Satisfaction,20260915,1,29,93.7316,93.7316,93.7316,0,0,92.5,1.5,0.4,0.15,0.1851
TLBO + Dynamic Priority + Faculty Satisfaction,20260915,1,30,93.7316,93.7316,93.7316,0,0,92.5,1.5,0.4,0.15,0.1964
TLBO + Dynamic Priority + Faculty Satisfaction,20260916,2,1,93.308,46.4894,0.0,0,0,92.5,1.5,0.4,0.15,0.7791
TLBO + Dynamic Priority + Faculty Satisfaction,20260916,2,2,93.308,69.8201,0.0,0,0,92.5,1.5,0.4,0.15,0.6746
TLBO + Dynamic Priority + Faculty Satisfaction,20260916,2,3,93.308,81.4836,0.0,0,0,92.5,1.5,0.4,0.15,0.5647
TLBO + Dynamic Priority + Faculty Satisfaction,20260916,2,4,93.6324,93.2903,92.702,0,0,92.5,1.5,0.4,0.15,0.6144
TLBO + Dynamic Priority + Faculty Satisfaction,20260916,2,5,93.7112,93.4793,93.196,0,0,92.5,1.5,0.4,0.15,0.6694
TLBO + Dynamic Priority + Faculty Satisfaction,20260916,2,6,93.7152,93.554,93.2716,0,0,92.5,1.5,0.4,0.15,0.6358
TLBO + Dynamic Priority + Faculty Satisfaction,20260916,2,7,93.852,93.6538,93.29,0,0,92.5,1.5,0.4,0.15,0.6956
TLBO + Dynamic Priority + Faculty Satisfaction,20260916,2,8,93.852,93.7932,93.6144,0,0,92.5,1.5,0.4,0.15,0.6244
TLBO + Dynamic Priority + Faculty Satisfaction,20260916,2,9,93.852,93.8229,93.7152,0,0,92.5,1.5,0.4,0.15,0.5227
TLBO + Dynamic Priority + Faculty Satisfaction,20260916,2,10,93.852,93.846,93.804,0,0,92.5,1.5,0.4,0.15,0.3766
TLBO + Dynamic Priority + Faculty Satisfaction,20260916,2,11,93.852,93.852,93.852,0,0,92.5,1.5,0.4,0.15,0.2163
TLBO + Dynamic Priority + Faculty Satisfaction,20260916,2,12,93.852,93.852,93.852,0,0,92.5,1.5,0.4,0.15,0.2217
TLBO + Dynamic Priority + Faculty Satisfaction,20260916,2,13,93.852,93.852,93.852,0,0,92.5,1.5,0.4,0.15,0.307
TLBO + Dynamic Priority + Faculty Satisfaction,20260916,2,14,93.852,93.852,93.852,0,0,92.5,1.5,0.4,0.15,0.174
TLBO + Dynamic Priority + Faculty Satisfaction,20260916,2,15,93.852,93.852,93.852,0,0,92.5,1.5,0.4,0.15,0.2222
TLBO + Dynamic Priority + Faculty Satisfaction,20260916,2,16,93.852,93.852,93.852,0,0,92.5,1.5,0.4,0.15,0.1642
TLBO + Dynamic Priority + Faculty Satisfaction,20260916,2,17,93.852,93.852,93.852,0,0,92.5,1.5,0.4,0.15,0.1112
TLBO + Dynamic Priority + Faculty Satisfaction,20260917,3,1,93.6508,58.1385,0.0,0,0,92.5,1.5,0.4,0.15,0.7692
TLBO + Dynamic Priority + Faculty Satisfaction,20260917,3,2,93.6508,69.8449,0.0,0,0,92.5,1.5,0.4,0.15,0.6923
TLBO + Dynamic Priority + Faculty Satisfaction,20260917,3,3,93.6508,81.5512,0.0,0,0,92.5,1.5,0.4,0.15,0.4946
TLBO + Dynamic Priority + Faculty Satisfaction,20260917,3,4,93.6508,93.2576,92.7336,0,0,92.5,1.5,0.4,0.15,0.4946
TLBO + Dynamic Priority + Faculty Satisfaction,20260917,3,5,93.6508,93.3722,92.8572,0,0,92.5,1.5,0.4,0.15,0.3821
TLBO + Dynamic Priority + Faculty Satisfaction,20260917,3,6,93.6508,93.4714,92.8668,0,0,92.5,1.5,0.4,0.15,0.3949
TLBO + Dynamic Priority + Faculty Satisfaction,20260917,3,7,93.6508,93.5694,92.9996,0,0,92.5,1.5,0.4,0.15,0.255
TLBO + Dynamic Priority + Faculty Satisfaction,20260917,3,8,93.6508,93.6508,93.6508,0,0,92.5,1.5,0.4,0.15,0.1685
TLBO + Dynamic Priority + Faculty Satisfaction,20260917,3,9,93.6508,93.6508,93.6508,0,0,92.5,1.5,0.4,0.15,0.0849
TLBO + Dynamic Priority + Faculty Satisfaction,20260917,3,10,93.6508,93.6508,93.6508,0,0,92.5,1.5,0.4,0.15,0.1414
TLBO + Dynamic Priority + Faculty Satisfaction,20260917,3,11,93.6508,93.6508,93.6508,0,0,92.5,1.5,0.4,0.15,0.0872
TLBO + Dynamic Priority + Faculty Satisfaction,20260917,3,12,93.6508,93.6508,93.6508,0,0,92.5,1.5,0.4,0.15,0.1177
TLBO + Dynamic Priority + Faculty Satisfaction,20260917,3,13,93.6508,93.6508,93.6508,0,0,92.5,1.5,0.4,0.15,0.1953
TLBO + Dynamic Priority + Faculty Satisfaction,20260917,3,14,93.6508,93.6508,93.6508,0,0,92.5,1.5,0.4,0.15,0.2327
TLBO + Dynamic Priority + Faculty Satisfaction,20260917,3,15,93.6508,93.6508,93.6508,0,0,92.5,1.5,0.4,0.15,0.1446
TLBO + Dynamic Priority + Faculty Satisfaction,20260918,4,1,93.2776,69.629,0.0,0,0,92.5,1.5,0.4,0.15,0.7274
TLBO + Dynamic Priority + Faculty Satisfaction,20260918,4,2,93.2776,81.2887,0.0,0,0,92.5,1.5,0.4,0.15,0.6996
TLBO + Dynamic Priority + Faculty Satisfaction,20260918,4,3,93.3476,93.0243,92.302,0,0,92.5,1.5,0.4,0.15,0.6096
TLBO + Dynamic Priority + Faculty Satisfaction,20260918,4,4,93.3476,93.155,92.6284,0,0,92.5,1.5,0.4,0.15,0.635
TLBO + Dynamic Priority + Faculty Satisfaction,20260918,4,5,93.388,93.2587,93.0116,0,0,92.5,1.5,0.4,0.15,0.5629
TLBO + Dynamic Priority + Faculty Satisfaction,20260918,4,6,93.5144,93.3316,93.054,0,0,92.5,1.5,0.4,0.15,0.7708
TLBO + Dynamic Priority + Faculty Satisfaction,20260918,4,7,93.5144,93.4172,93.2956,0,0,92.5,1.5,0.4,0.15,0.8269
TLBO + Dynamic Priority + Faculty Satisfaction,20260918,4,8,93.5564,93.4805,93.404,0,0,92.5,1.5,0.4,0.15,0.7696
TLBO + Dynamic Priority + Faculty Satisfaction,20260918,4,9,93.5564,93.5136,93.422,0,0,92.5,1.5,0.4,0.15,0.555
TLBO + Dynamic Priority + Faculty Satisfaction,20260918,4,10,93.5564,93.533,93.5144,0,0,92.5,1.5,0.4,0.15,0.4699
TLBO + Dynamic Priority + Faculty Satisfaction,20260918,4,11,93.7016,93.5747,93.5144,0,0,92.5,1.5,0.4,0.15,0.4271
TLBO + Dynamic Priority + Faculty Satisfaction,20260918,4,12,93.728,93.6196,93.5168,0,0,92.5,1.5,0.4,0.15,0.5092
TLBO + Dynamic Priority + Faculty Satisfaction,20260918,4,13,93.728,93.6563,93.5564,0,0,92.5,1.5,0.4,0.15,0.5103
TLBO + Dynamic Priority + Faculty Satisfaction,20260918,4,14,93.728,93.6778,93.5564,0,0,92.5,1.5,0.4,0.15,0.5345
TLBO + Dynamic Priority + Faculty Satisfaction,20260918,4,15,93.728,93.6992,93.6392,0,0,92.5,1.5,0.4,0.15,0.4203
TLBO + Dynamic Priority + Faculty Satisfaction,20260918,4,16,93.8252,93.7317,93.6392,0,0,92.5,1.5,0.4,0.15,1.3661
TLBO + Dynamic Priority + Faculty Satisfaction,20260918,4,17,93.8252,93.767,93.7016,0,0,92.5,1.5,0.4,0.15,1.7748
TLBO + Dynamic Priority + Faculty Satisfaction,20260918,4,18,93.8252,93.7884,93.728,0,0,92.5,1.5,0.4,0.15,1.6355
TLBO + Dynamic Priority + Faculty Satisfaction,20260918,4,19,93.8252,93.8067,93.776,0,0,92.5,1.5,0.4,0.15,1.5274
TLBO + Dynamic Priority + Faculty Satisfaction,20260918,4,20,93.8252,93.8129,93.776,0,0,92.5,1.5,0.4,0.15,1.2296
TLBO + Dynamic Priority + Faculty Satisfaction,20260918,4,21,93.8252,93.819,93.776,0,0,92.5,1.5,0.4,0.15,1.0641
TLBO + Dynamic Priority + Faculty Satisfaction,20260918,4,22,93.8252,93.8252,93.8252,0,0,92.5,1.5,0.4,0.15,0.9672
TLBO + Dynamic Priority + Faculty Satisfaction,20260918,4,23,93.8252,93.8252,93.8252,0,0,92.5,1.5,0.4,0.15,1.0113
TLBO + Dynamic Priority + Faculty Satisfaction,20260918,4,24,93.8252,93.8252,93.8252,0,0,92.5,1.5,0.4,0.15,0.9388
TLBO + Dynamic Priority + Faculty Satisfaction,20260918,4,25,93.8252,93.8252,93.8252,0,0,92.5,1.5,0.4,0.15,0.5823
TLBO + Dynamic Priority + Faculty Satisfaction,20260918,4,26,93.878,93.8318,93.8252,0,0,92.5,1.5,0.4,0.15,0.956
TLBO + Dynamic Priority + Faculty Satisfaction,20260918,4,27,93.878,93.8516,93.8252,0,0,92.5,1.5,0.4,0.15,1.5378
TLBO + Dynamic Priority + Faculty Satisfaction,20260918,4,28,93.878,93.8582,93.8252,0,0,92.5,1.5,0.4,0.15,0.9689
TLBO + Dynamic Priority + Faculty Satisfaction,20260918,4,29,93.878,93.878,93.878,0,0,92.5,1.5,0.4,0.15,0.9687
TLBO + Dynamic Priority + Faculty Satisfaction,20260918,4,30,93.878,93.878,93.878,0,0,92.5,1.5,0.4,0.15,0.8382
TLBO + Dynamic Priority + Faculty Satisfaction,20260918,4,31,93.878,93.878,93.878,0,0,92.5,1.5,0.4,0.15,1.0073
TLBO + Dynamic Priority + Faculty Satisfaction,20260918,4,32,93.878,93.878,93.878,0,0,92.5,1.5,0.4,0.15,1.1374
TLBO + Dynamic Priority + Faculty Satisfaction,20260918,4,33,93.878,93.878,93.878,0,0,92.5,1.5,0.4,0.15,0.9708
TLBO + Dynamic Priority + Faculty Satisfaction,20260918,4,34,93.878,93.878,93.878,0,0,92.5,1.5,0.4,0.15,1.0864
TLBO + Dynamic Priority + Faculty Satisfaction,20260918,4,35,93.878,93.878,93.878,0,0,92.5,1.5,0.4,0.15,1.2195
TLBO + Dynamic Priority + Faculty Satisfaction,20260918,4,36,93.878,93.878,93.878,0,0,92.5,1.5,0.4,0.15,1.2789
TLBO + Dynamic Priority + Faculty Satisfaction,20260919,5,1,93.21,81.1702,0.0,0,0,92.5,1.5,0.4,0.15,2.4963
TLBO + Dynamic Priority + Faculty Satisfaction,20260919,5,2,93.21,92.9687,92.6948,0,0,92.5,1.5,0.4,0.15,2.4469
TLBO + Dynamic Priority + Faculty Satisfaction,20260919,5,3,93.21,93.0455,92.7,0,0,92.5,1.5,0.4,0.15,2.1631
TLBO + Dynamic Priority + Faculty Satisfaction,20260919,5,4,93.21,93.1408,93.0296,0,0,92.5,1.5,0.4,0.15,1.8786
TLBO + Dynamic Priority + Faculty Satisfaction,20260919,5,5,93.21,93.1633,93.0586,0,0,92.5,1.5,0.4,0.15,1.7219
TLBO + Dynamic Priority + Faculty Satisfaction,20260919,5,6,93.21,93.1822,93.068,0,0,92.5,1.5,0.4,0.15,1.6129
TLBO + Dynamic Priority + Faculty Satisfaction,20260919,5,7,93.21,93.2,93.13,0,0,92.5,1.5,0.4,0.15,0.9924
TLBO + Dynamic Priority + Faculty Satisfaction,20260919,5,8,93.4332,93.2379,93.21,0,0,92.5,1.5,0.4,0.15,0.7464
TLBO + Dynamic Priority + Faculty Satisfaction,20260919,5,9,93.4332,93.2916,93.21,0,0,92.5,1.5,0.4,0.15,1.8053
TLBO + Dynamic Priority + Faculty Satisfaction,20260919,5,10,93.4372,93.3794,93.21,0,0,92.5,1.5,0.4,0.15,2.28
TLBO + Dynamic Priority + Faculty Satisfaction,20260919,5,11,93.4372,93.412,93.2724,0,0,92.5,1.5,0.4,0.15,2.1221
TLBO + Dynamic Priority + Faculty Satisfaction,20260919,5,12,93.4372,93.4326,93.416,0,0,92.5,1.5,0.4,0.15,2.0179
TLBO + Dynamic Priority + Faculty Satisfaction,20260919,5,13,93.4372,93.4352,93.4332,0,0,92.5,1.5,0.4,0.15,1.4143
TLBO + Dynamic Priority + Faculty Satisfaction,20260919,5,14,93.5,93.4528,93.4332,0,0,92.5,1.5,0.4,0.15,1.5461
TLBO + Dynamic Priority + Faculty Satisfaction,20260919,5,15,93.5,93.4655,93.4372,0,0,92.5,1.5,0.4,0.15,2.1879
TLBO + Dynamic Priority + Faculty Satisfaction,20260919,5,16,93.5,93.4733,93.4372,0,0,92.5,1.5,0.4,0.15,2.0713
TLBO + Dynamic Priority + Faculty Satisfaction,20260919,5,17,93.572,93.5071,93.4372,0,0,92.5,1.5,0.4,0.15,2.2796
TLBO + Dynamic Priority + Faculty Satisfaction,20260919,5,18,93.572,93.524,93.472,0,0,92.5,1.5,0.4,0.15,2.3833
TLBO + Dynamic Priority + Faculty Satisfaction,20260919,5,19,93.572,93.5455,93.5,0,0,92.5,1.5,0.4,0.15,1.6866
TLBO + Dynamic Priority + Faculty Satisfaction,20260919,5,20,93.572,93.5595,93.5,0,0,92.5,1.5,0.4,0.15,1.785
TLBO + Dynamic Priority + Faculty Satisfaction,20260919,5,21,93.6488,93.5781,93.544,0,0,92.5,1.5,0.4,0.15,1.3631
TLBO + Dynamic Priority + Faculty Satisfaction,20260919,5,22,93.6488,93.5912,93.572,0,0,92.5,1.5,0.4,0.15,1.3518
TLBO + Dynamic Priority + Faculty Satisfaction,20260919,5,23,93.6488,93.6132,93.572,0,0,92.5,1.5,0.4,0.15,1.2397
TLBO + Dynamic Priority + Faculty Satisfaction,20260919,5,24,93.6488,93.6324,93.572,0,0,92.5,1.5,0.4,0.15,1.4948
TLBO + Dynamic Priority + Faculty Satisfaction,20260919,5,25,93.6488,93.642,93.5944,0,0,92.5,1.5,0.4,0.15,1.4107
TLBO + Dynamic Priority + Faculty Satisfaction,20260919,5,26,93.6488,93.6488,93.6488,0,0,92.5,1.5,0.4,0.15,0.7892
TLBO + Dynamic Priority + Faculty Satisfaction,20260919,5,27,93.6488,93.6488,93.6488,0,0,92.5,1.5,0.4,0.15,0.7647
TLBO + Dynamic Priority + Faculty Satisfaction,20260919,5,28,93.6488,93.6488,93.6488,0,0,92.5,1.5,0.4,0.15,0.6556
TLBO + Dynamic Priority + Faculty Satisfaction,20260919,5,29,93.6488,93.6488,93.6488,0,0,92.5,1.5,0.4,0.15,0.7721
TLBO + Dynamic Priority + Faculty Satisfaction,20260919,5,30,93.6844,93.6532,93.6488,0,0,92.5,1.5,0.4,0.15,0.8887
TLBO + Dynamic Priority + Faculty Satisfaction,20260919,5,31,93.6844,93.6621,93.6488,0,0,92.5,1.5,0.4,0.15,1.6053
TLBO + Dynamic Priority + Faculty Satisfaction,20260919,5,32,93.6844,93.6666,93.6488,0,0,92.5,1.5,0.4,0.15,1.3574
TLBO + Dynamic Priority + Faculty Satisfaction,20260919,5,33,93.6844,93.671,93.6488,0,0,92.5,1.5,0.4,0.15,1.0699
TLBO + Dynamic Priority + Faculty Satisfaction,20260919,5,34,93.6844,93.6755,93.6488,0,0,92.5,1.5,0.4,0.15,0.9754
TLBO + Dynamic Priority + Faculty Satisfaction,20260919,5,35,93.6844,93.6799,93.6488,0,0,92.5,1.5,0.4,0.15,1.0019
TLBO + Dynamic Priority + Faculty Satisfaction,20260919,5,36,93.6844,93.6844,93.6844,0,0,92.5,1.5,0.4,0.15,0.4472
TLBO + Dynamic Priority + Faculty Satisfaction,20260919,5,37,93.6844,93.6844,93.6844,0,0,92.5,1.5,0.4,0.15,0.5496
TLBO + Dynamic Priority + Faculty Satisfaction,20260919,5,38,93.6844,93.6844,93.6844,0,0,92.5,1.5,0.4,0.15,0.5773
TLBO + Dynamic Priority + Faculty Satisfaction,20260919,5,39,93.6844,93.6844,93.6844,0,0,92.5,1.5,0.4,0.15,0.7944
TLBO + Dynamic Priority + Faculty Satisfaction,20260919,5,40,93.6844,93.6844,93.6844,0,0,92.5,1.5,0.4,0.15,0.6509
TLBO + Dynamic Priority + Faculty Satisfaction,20260920,6,1,93.42,34.8002,0.0,0,0,92.5,1.5,0.4,0.15,2.474
TLBO + Dynamic Priority + Faculty Satisfaction,20260920,6,2,93.42,58.0734,0.0,0,0,92.5,1.5,0.4,0.15,2.2838
TLBO + Dynamic Priority + Faculty Satisfaction,20260920,6,3,93.42,69.8143,0.0,0,0,92.5,1.5,0.4,0.15,1.9373
TLBO + Dynamic Priority + Faculty Satisfaction,20260920,6,4,93.42,81.4918,0.0,0,0,92.5,1.5,0.4,0.15,1.5874
TLBO + Dynamic Priority + Faculty Satisfaction,20260920,6,5,93.42,93.1693,92.6886,0,0,92.5,1.5,0.4,0.15,1.7163
TLBO + Dynamic Priority + Faculty Satisfaction,20260920,6,6,93.42,93.2777,92.8,0,0,92.5,1.5,0.4,0.15,1.3567
TLBO + Dynamic Priority + Faculty Satisfaction,20260920,6,7,93.42,93.3838,93.13,0,0,92.5,1.5,0.4,0.15,0.6262
TLBO + Dynamic Priority + Faculty Satisfaction,20260920,6,8,93.42,93.42,93.42,0,0,92.5,1.5,0.4,0.15,0.2911
TLBO + Dynamic Priority + Faculty Satisfaction,20260920,6,9,93.792,93.5502,93.42,0,0,92.5,1.5,0.4,0.15,1.2683
TLBO + Dynamic Priority + Faculty Satisfaction,20260920,6,10,93.792,93.6563,93.42,0,0,92.5,1.5,0.4,0.15,1.8925
TLBO + Dynamic Priority + Faculty Satisfaction,20260920,6,11,93.792,93.7332,93.6132,0,0,92.5,1.5,0.4,0.15,1.9061
TLBO + Dynamic Priority + Faculty Satisfaction,20260920,6,12,93.792,93.7667,93.6996,0,0,92.5,1.5,0.4,0.15,1.9247
TLBO + Dynamic Priority + Faculty Satisfaction,20260920,6,13,93.792,93.7782,93.744,0,0,92.5,1.5,0.4,0.15,1.4135
TLBO + Dynamic Priority + Faculty Satisfaction,20260920,6,14,93.8412,93.7982,93.792,0,0,92.5,1.5,0.4,0.15,1.2571
TLBO + Dynamic Priority + Faculty Satisfaction,20260920,6,15,93.8412,93.8289,93.792,0,0,92.5,1.5,0.4,0.15,1.5681
TLBO + Dynamic Priority + Faculty Satisfaction,20260920,6,16,93.8412,93.8412,93.8412,0,0,92.5,1.5,0.4,0.15,1.228
TLBO + Dynamic Priority + Faculty Satisfaction,20260920,6,17,93.8412,93.8412,93.8412,0,0,92.5,1.5,0.4,0.15,0.8471
TLBO + Dynamic Priority + Faculty Satisfaction,20260920,6,18,93.8412,93.8412,93.8412,0,0,92.5,1.5,0.4,0.15,1.131
TLBO + Dynamic Priority + Faculty Satisfaction,20260920,6,19,93.8412,93.8412,93.8412,0,0,92.5,1.5,0.4,0.15,1.3173
TLBO + Dynamic Priority + Faculty Satisfaction,20260920,6,20,93.8412,93.8412,93.8412,0,0,92.5,1.5,0.4,0.15,1.3429
TLBO + Dynamic Priority + Faculty Satisfaction,20260920,6,21,93.8412,93.8412,93.8412,0,0,92.5,1.5,0.4,0.15,1.2318
TLBO + Dynamic Priority + Faculty Satisfaction,20260920,6,22,93.8412,93.8412,93.8412,0,0,92.5,1.5,0.4,0.15,1.0423
TLBO + Dynamic Priority + Faculty Satisfaction,20260920,6,23,93.8412,93.8412,93.8412,0,0,92.5,1.5,0.4,0.15,0.9468
TLBO + Dynamic Priority + Faculty Satisfaction,20260920,6,24,93.8412,93.8412,93.8412,0,0,92.5,1.5,0.4,0.15,0.9335
TLBO + Dynamic Priority + Faculty Satisfaction,20260921,7,1,93.234,34.8684,0.0,0,0,92.5,1.5,0.4,0.15,2.6089
TLBO + Dynamic Priority + Faculty Satisfaction,20260921,7,2,93.234,46.5227,0.0,0,0,92.5,1.5,0.4,0.15,2.3865
TLBO + Dynamic Priority + Faculty Satisfaction,20260921,7,3,93.234,69.728,0.0,0,0,92.5,1.5,0.4,0.15,1.9577
TLBO + Dynamic Priority + Faculty Satisfaction,20260921,7,4,93.234,81.5183,0.0,0,0,92.5,1.5,0.4,0.15,1.8772
TLBO + Dynamic Priority + Faculty Satisfaction,20260921,7,5,93.3576,93.1953,93.0176,0,0,92.5,1.5,0.4,0.15,1.4466
TLBO + Dynamic Priority + Faculty Satisfaction,20260921,7,6,93.518,93.3012,93.0176,0,0,92.5,1.5,0.4,0.15,1.665
TLBO + Dynamic Priority + Faculty Satisfaction,20260921,7,7,93.5724,93.4347,93.234,0,0,92.5,1.5,0.4,0.15,2.0046
TLBO + Dynamic Priority + Faculty Satisfaction,20260921,7,8,93.6408,93.5508,93.446,0,0,92.5,1.5,0.4,0.15,2.2245
TLBO + Dynamic Priority + Faculty Satisfaction,20260921,7,9,93.6752,93.5948,93.498,0,0,92.5,1.5,0.4,0.15,2.3306
TLBO + Dynamic Priority + Faculty Satisfaction,20260921,7,10,93.6752,93.6366,93.5724,0,0,92.5,1.5,0.4,0.15,612.6197
TLBO + Dynamic Priority + Faculty Satisfaction,20260921,7,11,93.854,93.6718,93.5724,0,0,92.5,1.5,0.4,0.15,2.2062
TLBO + Dynamic Priority + Faculty Satisfaction,20260921,7,12,93.854,93.725,93.6408,0,0,92.5,1.5,0.4,0.15,343.9318
TLBO + Dynamic Priority + Faculty Satisfaction,20260921,7,13,93.854,93.7572,93.6408,0,0,92.5,1.5,0.4,0.15,1.0452
TLBO + Dynamic Priority + Faculty Satisfaction,20260921,7,14,93.9,93.8278,93.6912,0,0,92.5,1.5,0.4,0.15,0.5604
TLBO + Dynamic Priority + Faculty Satisfaction,20260921,7,15,93.9,93.863,93.834,0,0,92.5,1.5,0.4,0.15,0.6079
TLBO + Dynamic Priority + Faculty Satisfaction,20260921,7,16,93.9,93.8713,93.854,0,0,92.5,1.5,0.4,0.15,0.3746
TLBO + Dynamic Priority + Faculty Satisfaction,20260921,7,17,93.9032,93.8832,93.854,0,0,92.5,1.5,0.4,0.15,0.4095
TLBO + Dynamic Priority + Faculty Satisfaction,20260921,7,18,93.9312,93.8989,93.854,0,0,92.5,1.5,0.4,0.15,0.4784
TLBO + Dynamic Priority + Faculty Satisfaction,20260921,7,19,93.9492,93.9175,93.9,0,0,92.5,1.5,0.4,0.15,0.5323
TLBO + Dynamic Priority + Faculty Satisfaction,20260921,7,20,93.9492,93.9237,93.9,0,0,92.5,1.5,0.4,0.15,0.6401
TLBO + Dynamic Priority + Faculty Satisfaction,20260921,7,21,93.978,93.9364,93.9,0,0,92.5,1.5,0.4,0.15,1.5008
TLBO + Dynamic Priority + Faculty Satisfaction,20260921,7,22,93.978,93.9462,93.9032,0,0,92.5,1.5,0.4,0.15,2.6745
TLBO + Dynamic Priority + Faculty Satisfaction,20260921,7,23,93.978,93.9613,93.9312,0,0,92.5,1.5,0.4,0.15,1.9692
TLBO + Dynamic Priority + Faculty Satisfaction,20260921,7,24,93.978,93.9672,93.9492,0,0,92.5,1.5,0.4,0.15,1.2717
TLBO + Dynamic Priority + Faculty Satisfaction,20260921,7,25,93.978,93.9708,93.9492,0,0,92.5,1.5,0.4,0.15,1.206
TLBO + Dynamic Priority + Faculty Satisfaction,20260921,7,26,93.978,93.9744,93.9492,0,0,92.5,1.5,0.4,0.15,0.8002
TLBO + Dynamic Priority + Faculty Satisfaction,20260921,7,27,93.978,93.978,93.978,0,0,92.5,1.5,0.4,0.15,0.3898
TLBO + Dynamic Priority + Faculty Satisfaction,20260921,7,28,93.978,93.978,93.978,0,0,92.5,1.5,0.4,0.15,0.8169
TLBO + Dynamic Priority + Faculty Satisfaction,20260921,7,29,93.978,93.978,93.978,0,0,92.5,1.5,0.4,0.15,0.5934
TLBO + Dynamic Priority + Faculty Satisfaction,20260921,7,30,93.978,93.978,93.978,0,0,92.5,1.5,0.4,0.15,0.4484
TLBO + Dynamic Priority + Faculty Satisfaction,20260921,7,31,93.978,93.978,93.978,0,0,92.5,1.5,0.4,0.15,0.2717
TLBO + Dynamic Priority + Faculty Satisfaction,20260922,8,1,93.446,34.8555,0.0,0,0,92.5,1.5,0.4,0.15,4.1674
TLBO + Dynamic Priority + Faculty Satisfaction,20260922,8,2,93.446,58.1775,0.0,0,0,92.5,1.5,0.4,0.15,4.213
TLBO + Dynamic Priority + Faculty Satisfaction,20260922,8,3,93.476,69.862,0.0,0,0,92.5,1.5,0.4,0.15,3.917
TLBO + Dynamic Priority + Faculty Satisfaction,20260922,8,4,93.512,93.2187,92.779,0,0,92.5,1.5,0.4,0.15,3.601
TLBO + Dynamic Priority + Faculty Satisfaction,20260922,8,5,93.6252,93.3978,92.8912,0,0,92.5,1.5,0.4,0.15,2.9286
TLBO + Dynamic Priority + Faculty Satisfaction,20260922,8,6,93.6252,93.494,93.2436,0,0,92.5,1.5,0.4,0.15,2.5884
TLBO + Dynamic Priority + Faculty Satisfaction,20260922,8,7,93.748,93.6016,93.476,0,0,92.5,1.5,0.4,0.15,2.1859
TLBO + Dynamic Priority + Faculty Satisfaction,20260922,8,8,93.748,93.6578,93.512,0,0,92.5,1.5,0.4,0.15,2.6703
TLBO + Dynamic Priority + Faculty Satisfaction,20260922,8,9,93.748,93.6873,93.6252,0,0,92.5,1.5,0.4,0.15,2.8101
TLBO + Dynamic Priority + Faculty Satisfaction,20260922,8,10,93.748,93.7026,93.6252,0,0,92.5,1.5,0.4,0.15,2.385
TLBO + Dynamic Priority + Faculty Satisfaction,20260922,8,11,93.748,93.7235,93.6252,0,0,92.5,1.5,0.4,0.15,1.8106
TLBO + Dynamic Priority + Faculty Satisfaction,20260922,8,12,93.748,93.7401,93.6892,0,0,92.5,1.5,0.4,0.15,1.2056
TLBO + Dynamic Priority + Faculty Satisfaction,20260922,8,13,93.8272,93.7579,93.748,0,0,92.5,1.5,0.4,0.15,0.8493
TLBO + Dynamic Priority + Faculty Satisfaction,20260922,8,14,93.8272,93.7897,93.748,0,0,92.5,1.5,0.4,0.15,1.4763
TLBO + Dynamic Priority + Faculty Satisfaction,20260922,8,15,93.8272,93.7996,93.748,0,0,92.5,1.5,0.4,0.15,1.4016
TLBO + Dynamic Priority + Faculty Satisfaction,20260922,8,16,93.8272,93.8155,93.796,0,0,92.5,1.5,0.4,0.15,1.5702
TLBO + Dynamic Priority + Faculty Satisfaction,20260922,8,17,93.8272,93.8194,93.796,0,0,92.5,1.5,0.4,0.15,1.2361
TLBO + Dynamic Priority + Faculty Satisfaction,20260922,8,18,93.8272,93.8233,93.796,0,0,92.5,1.5,0.4,0.15,1.3139
TLBO + Dynamic Priority + Faculty Satisfaction,20260922,8,19,93.8272,93.8272,93.8272,0,0,92.5,1.5,0.4,0.15,1.4709
TLBO + Dynamic Priority + Faculty Satisfaction,20260922,8,20,93.8272,93.8272,93.8272,0,0,92.5,1.5,0.4,0.15,0.9674
TLBO + Dynamic Priority + Faculty Satisfaction,20260922,8,21,93.88,93.8404,93.8272,0,0,92.5,1.5,0.4,0.15,0.8109
TLBO + Dynamic Priority + Faculty Satisfaction,20260922,8,22,93.88,93.8536,93.8272,0,0,92.5,1.5,0.4,0.15,1.9338
TLBO + Dynamic Priority + Faculty Satisfaction,20260922,8,23,93.88,93.8635,93.8272,0,0,92.5,1.5,0.4,0.15,2.3452
TLBO + Dynamic Priority + Faculty Satisfaction,20260922,8,24,93.88,93.87,93.8272,0,0,92.5,1.5,0.4,0.15,1.1715
TLBO + Dynamic Priority + Faculty Satisfaction,20260922,8,25,93.88,93.8766,93.8532,0,0,92.5,1.5,0.4,0.15,1.0437
TLBO + Dynamic Priority + Faculty Satisfaction,20260922,8,26,93.88,93.88,93.88,0,0,92.5,1.5,0.4,0.15,0.6293
TLBO + Dynamic Priority + Faculty Satisfaction,20260922,8,27,93.88,93.88,93.88,0,0,92.5,1.5,0.4,0.15,0.8453
TLBO + Dynamic Priority + Faculty Satisfaction,20260922,8,28,93.91,93.8837,93.88,0,0,92.5,1.5,0.4,0.15,1.1699
TLBO + Dynamic Priority + Faculty Satisfaction,20260922,8,29,93.91,93.8875,93.88,0,0,92.5,1.5,0.4,0.15,1.2844
TLBO + Dynamic Priority + Faculty Satisfaction,20260922,8,30,93.91,93.8912,93.88,0,0,92.5,1.5,0.4,0.15,1.6563
TLBO + Dynamic Priority + Faculty Satisfaction,20260922,8,31,93.91,93.895,93.88,0,0,92.5,1.5,0.4,0.15,1.5567
TLBO + Dynamic Priority + Faculty Satisfaction,20260922,8,32,93.91,93.9025,93.88,0,0,92.5,1.5,0.4,0.15,1.6011
TLBO + Dynamic Priority + Faculty Satisfaction,20260922,8,33,93.91,93.91,93.91,0,0,92.5,1.5,0.4,0.15,1.1053
TLBO + Dynamic Priority + Faculty Satisfaction,20260922,8,34,93.91,93.91,93.91,0,0,92.5,1.5,0.4,0.15,1.9014
TLBO + Dynamic Priority + Faculty Satisfaction,20260922,8,35,93.91,93.91,93.91,0,0,92.5,1.5,0.4,0.15,1.101
TLBO + Dynamic Priority + Faculty Satisfaction,20260922,8,36,93.91,93.91,93.91,0,0,92.5,1.5,0.4,0.15,0.5072
TLBO + Dynamic Priority + Faculty Satisfaction,20260922,8,37,93.91,93.91,93.91,0,0,92.5,1.5,0.4,0.15,0.7824
TLBO + Dynamic Priority + Faculty Satisfaction,20260922,8,38,93.91,93.91,93.91,0,0,92.5,1.5,0.4,0.15,0.4971
TLBO + Dynamic Priority + Faculty Satisfaction,20260923,9,1,92.9556,57.8993,0.0,0,0,92.5,1.5,0.4,0.15,3.5379
TLBO + Dynamic Priority + Faculty Satisfaction,20260923,9,2,93.228,69.6749,0.0,0,0,92.5,1.5,0.4,0.15,3.2354
TLBO + Dynamic Priority + Faculty Satisfaction,20260923,9,3,93.228,81.3284,0.0,0,0,92.5,1.5,0.4,0.15,2.5167
TLBO + Dynamic Priority + Faculty Satisfaction,20260923,9,4,93.542,93.0679,92.4968,0,0,92.5,1.5,0.4,0.15,3.0856
TLBO + Dynamic Priority + Faculty Satisfaction,20260923,9,5,93.574,93.2418,92.9092,0,0,92.5,1.5,0.4,0.15,1.7535
TLBO + Dynamic Priority + Faculty Satisfaction,20260923,9,6,93.574,93.3249,92.9556,0,0,92.5,1.5,0.4,0.15,0.993
TLBO + Dynamic Priority + Faculty Satisfaction,20260923,9,7,93.574,93.4022,92.9556,0,0,92.5,1.5,0.4,0.15,1.0135
TLBO + Dynamic Priority + Faculty Satisfaction,20260923,9,8,93.574,93.4884,93.228,0,0,92.5,1.5,0.4,0.15,0.8007
TLBO + Dynamic Priority + Faculty Satisfaction,20260923,9,9,93.6904,93.5558,93.2992,0,0,92.5,1.5,0.4,0.15,1.0257
TLBO + Dynamic Priority + Faculty Satisfaction,20260923,9,10,93.7252,93.6279,93.542,0,0,92.5,1.5,0.4,0.15,1.2592
TLBO + Dynamic Priority + Faculty Satisfaction,20260923,9,11,93.7492,93.6818,93.542,0,0,92.5,1.5,0.4,0.15,1.489
TLBO + Dynamic Priority + Faculty Satisfaction,20260923,9,12,93.8276,93.7285,93.6124,0,0,92.5,1.5,0.4,0.15,1.0004
TLBO + Dynamic Priority + Faculty Satisfaction,20260923,9,13,93.8276,93.7706,93.7072,0,0,92.5,1.5,0.4,0.15,1.1114
TLBO + Dynamic Priority + Faculty Satisfaction,20260923,9,14,93.8276,93.7856,93.7412,0,0,92.5,1.5,0.4,0.15,0.9303
TLBO + Dynamic Priority + Faculty Satisfaction,20260923,9,15,93.8276,93.8045,93.7572,0,0,92.5,1.5,0.4,0.15,0.7785
TLBO + Dynamic Priority + Faculty Satisfaction,20260923,9,16,93.8396,93.8223,93.7952,0,0,92.5,1.5,0.4,0.15,0.7887
TLBO + Dynamic Priority + Faculty Satisfaction,20260923,9,17,93.8436,93.8299,93.8056,0,0,92.5,1.5,0.4,0.15,0.75
TLBO + Dynamic Priority + Faculty Satisfaction,20260923,9,18,93.888,93.8431,93.8276,0,0,92.5,1.5,0.4,0.15,0.6208
TLBO + Dynamic Priority + Faculty Satisfaction,20260923,9,19,93.888,93.8527,93.8276,0,0,92.5,1.5,0.4,0.15,0.6441
TLBO + Dynamic Priority + Faculty Satisfaction,20260923,9,20,93.888,93.8714,93.8436,0,0,92.5,1.5,0.4,0.15,0.5649
TLBO + Dynamic Priority + Faculty Satisfaction,20260923,9,21,93.888,93.8825,93.8436,0,0,92.5,1.5,0.4,0.15,0.3217
TLBO + Dynamic Priority + Faculty Satisfaction,20260923,9,22,93.918,93.8918,93.888,0,0,92.5,1.5,0.4,0.15,0.298
TLBO + Dynamic Priority + Faculty Satisfaction,20260923,9,23,93.918,93.8955,93.888,0,0,92.5,1.5,0.4,0.15,0.5678
TLBO + Dynamic Priority + Faculty Satisfaction,20260923,9,24,93.918,93.8993,93.888,0,0,92.5,1.5,0.4,0.15,0.6403
TLBO + Dynamic Priority + Faculty Satisfaction,20260923,9,25,93.918,93.903,93.888,0,0,92.5,1.5,0.4,0.15,0.6682
TLBO + Dynamic Priority + Faculty Satisfaction,20260923,9,26,93.918,93.9068,93.888,0,0,92.5,1.5,0.4,0.15,0.5898
TLBO + Dynamic Priority + Faculty Satisfaction,20260923,9,27,93.918,93.9105,93.888,0,0,92.5,1.5,0.4,0.15,0.6769
TLBO + Dynamic Priority + Faculty Satisfaction,20260923,9,28,93.918,93.9143,93.888,0,0,92.5,1.5,0.4,0.15,0.6684
TLBO + Dynamic Priority + Faculty Satisfaction,20260923,9,29,93.918,93.918,93.918,0,0,92.5,1.5,0.4,0.15,0.3679
TLBO + Dynamic Priority + Faculty Satisfaction,20260923,9,30,93.918,93.918,93.918,0,0,92.5,1.5,0.4,0.15,0.4956
TLBO + Dynamic Priority + Faculty Satisfaction,20260923,9,31,93.918,93.918,93.918,0,0,92.5,1.5,0.4,0.15,0.6045
TLBO + Dynamic Priority + Faculty Satisfaction,20260923,9,32,93.918,93.918,93.918,0,0,92.5,1.5,0.4,0.15,0.5511
TLBO + Dynamic Priority + Faculty Satisfaction,20260924,10,1,93.206,69.7525,0.0,0,0,92.5,1.5,0.4,0.15,1.5379
TLBO + Dynamic Priority + Faculty Satisfaction,20260924,10,2,93.206,81.4032,0.0,0,0,92.5,1.5,0.4,0.15,1.2794
TLBO + Dynamic Priority + Faculty Satisfaction,20260924,10,3,93.206,93.0726,92.72,0,0,92.5,1.5,0.4,0.15,1.4176
TLBO + Dynamic Priority + Faculty Satisfaction,20260924,10,4,93.3836,93.1633,92.7916,0,0,92.5,1.5,0.4,0.15,1.0549
TLBO + Dynamic Priority + Faculty Satisfaction,20260924,10,5,93.3836,93.2387,93.14,0,0,92.5,1.5,0.4,0.15,1.0283
TLBO + Dynamic Priority + Faculty Satisfaction,20260924,10,6,93.3836,93.2827,93.1668,0,0,92.5,1.5,0.4,0.15,0.9894
TLBO + Dynamic Priority + Faculty Satisfaction,20260924,10,7,93.6164,93.3611,93.206,0,0,92.5,1.5,0.4,0.15,1.0576
TLBO + Dynamic Priority + Faculty Satisfaction,20260924,10,8,93.6164,93.4124,93.206,0,0,92.5,1.5,0.4,0.15,0.9768
TLBO + Dynamic Priority + Faculty Satisfaction,20260924,10,9,93.6164,93.4637,93.326,0,0,92.5,1.5,0.4,0.15,0.8882
TLBO + Dynamic Priority + Faculty Satisfaction,20260924,10,10,93.6164,93.5,93.3836,0,0,92.5,1.5,0.4,0.15,0.6872
TLBO + Dynamic Priority + Faculty Satisfaction,20260924,10,11,93.6164,93.5364,93.3836,0,0,92.5,1.5,0.4,0.15,0.7814
TLBO + Dynamic Priority + Faculty Satisfaction,20260924,10,12,93.7332,93.5801,93.3836,0,0,92.5,1.5,0.4,0.15,0.6292
TLBO + Dynamic Priority + Faculty Satisfaction,20260924,10,13,93.788,93.6672,93.442,0,0,92.5,1.5,0.4,0.15,0.8795
TLBO + Dynamic Priority + Faculty Satisfaction,20260924,10,14,93.788,93.7254,93.6164,0,0,92.5,1.5,0.4,0.15,1.1082
TLBO + Dynamic Priority + Faculty Satisfaction,20260924,10,15,93.828,93.7673,93.6944,0,0,92.5,1.5,0.4,0.15,0.9943
TLBO + Dynamic Priority + Faculty Satisfaction,20260924,10,16,93.836,93.79,93.7332,0,0,92.5,1.5,0.4,0.15,1.0294
TLBO + Dynamic Priority + Faculty Satisfaction,20260924,10,17,93.836,93.8074,93.7552,0,0,92.5,1.5,0.4,0.15,0.9267
TLBO + Dynamic Priority + Faculty Satisfaction,20260924,10,18,93.87,93.8277,93.788,0,0,92.5,1.5,0.4,0.15,1.3541
TLBO + Dynamic Priority + Faculty Satisfaction,20260924,10,19,93.87,93.8392,93.794,0,0,92.5,1.5,0.4,0.15,1.4914
TLBO + Dynamic Priority + Faculty Satisfaction,20260924,10,20,93.87,93.853,93.834,0,0,92.5,1.5,0.4,0.15,1.1679
TLBO + Dynamic Priority + Faculty Satisfaction,20260924,10,21,93.9,93.8655,93.836,0,0,92.5,1.5,0.4,0.15,1.2625
TLBO + Dynamic Priority + Faculty Satisfaction,20260924,10,22,93.9,93.8735,93.838,0,0,92.5,1.5,0.4,0.15,1.0073
TLBO + Dynamic Priority + Faculty Satisfaction,20260924,10,23,93.9192,93.8884,93.87,0,0,92.5,1.5,0.4,0.15,0.9602
TLBO + Dynamic Priority + Faculty Satisfaction,20260924,10,24,93.9192,93.8963,93.87,0,0,92.5,1.5,0.4,0.15,0.8574
TLBO + Dynamic Priority + Faculty Satisfaction,20260924,10,25,93.9192,93.9025,93.87,0,0,92.5,1.5,0.4,0.15,0.7718
TLBO + Dynamic Priority + Faculty Satisfaction,20260924,10,26,93.9192,93.9086,93.892,0,0,92.5,1.5,0.4,0.15,0.6798
TLBO + Dynamic Priority + Faculty Satisfaction,20260924,10,27,93.9192,93.912,93.9,0,0,92.5,1.5,0.4,0.15,0.5178
TLBO + Dynamic Priority + Faculty Satisfaction,20260924,10,28,93.9192,93.9144,93.9,0,0,92.5,1.5,0.4,0.15,0.5256
TLBO + Dynamic Priority + Faculty Satisfaction,20260924,10,29,93.9192,93.9168,93.9,0,0,92.5,1.5,0.4,0.15,0.3908
TLBO + Dynamic Priority + Faculty Satisfaction,20260924,10,30,93.9192,93.9192,93.9192,0,0,92.5,1.5,0.4,0.15,0.1904
TLBO + Dynamic Priority + Faculty Satisfaction,20260924,10,31,93.9192,93.9192,93.9192,0,0,92.5,1.5,0.4,0.15,0.2817
TLBO + Dynamic Priority + Faculty Satisfaction,20260924,10,32,93.9192,93.9192,93.9192,0,0,92.5,1.5,0.4,0.15,0.2772
TLBO + Dynamic Priority + Faculty Satisfaction,20260924,10,33,93.9192,93.9192,93.9192,0,0,92.5,1.5,0.4,0.15,0.2958
Complete Adaptive TLBO,20261015,1,1,93.38,23.3419,0.0,0,0,92.5,1.98,0.545,0.3231,2.346
Complete Adaptive TLBO,20261015,1,2,93.38,23.345,0.0,0,0,92.5,1.96,0.54,0.3115,2.1811
Complete Adaptive TLBO,20261015,1,3,93.4928,23.3732,0.0,0,0,92.5,1.94,0.535,0.3001,2.8823
Complete Adaptive TLBO,20261015,1,4,93.6452,23.3923,0.0,0,0,92.5,1.92,0.53,0.2889,1.9715
Complete Adaptive TLBO,20261015,1,5,93.6452,23.4113,0.0,0,0,92.5,1.9,0.525,0.278,1.8863
Complete Adaptive TLBO,20261015,1,6,93.738,23.4229,0.0,0,0,92.5,1.88,0.52,0.2673,1.6566
Complete Adaptive TLBO,20261015,1,7,93.756,35.154,0.0,0,0,92.5,1.86,0.515,0.2569,1.6415
Complete Adaptive TLBO,20261015,1,8,93.8052,35.1624,0.0,0,0,92.5,1.84,0.51,0.2467,1.9888
Complete Adaptive TLBO,20261015,1,9,93.8052,35.1685,0.0,0,0,92.5,1.82,0.505,0.2367,3.0626
Complete Adaptive TLBO,20261015,1,10,93.8052,23.4513,0.0,0,0,92.5,1.8,0.5,0.227,4.2254
Complete Adaptive TLBO,20261015,1,11,93.8052,23.4513,0.0,0,0,92.5,1.78,0.495,0.2175,2.9673
Complete Adaptive TLBO,20261015,1,12,93.8052,35.1769,0.0,0,0,92.5,1.76,0.49,0.2083,2.1903
Complete Adaptive TLBO,20261015,1,13,93.8052,23.4513,0.0,0,0,92.5,1.74,0.485,0.1993,2.7597
Complete Adaptive TLBO,20261015,1,14,93.8052,23.4513,0.0,0,0,92.5,1.72,0.48,0.1905,2.088
Complete Adaptive TLBO,20261015,1,15,93.8052,23.4513,0.0,0,0,92.5,1.7,0.475,0.182,2.5219
Complete Adaptive TLBO,20261015,1,16,93.8052,23.4513,0.0,0,0,92.5,1.68,0.47,0.1737,2.0192
Complete Adaptive TLBO,20261015,1,17,93.8052,35.1052,0.0,0,0,92.5,1.66,0.465,0.1657,1.9323
Complete Adaptive TLBO,20261016,2,1,93.196,23.2967,0.0,0,0,92.5,1.98,0.545,0.3231,2.6907
Complete Adaptive TLBO,20261016,2,2,93.496,35.0168,0.0,0,0,92.5,1.96,0.54,0.3115,2.2641
Complete Adaptive TLBO,20261016,2,3,93.6124,23.3885,0.0,0,0,92.5,1.94,0.535,0.3001,2.0784
Complete Adaptive TLBO,20261016,2,4,93.732,23.4181,0.0,0,0,92.5,1.92,0.53,0.2889,2.0184
Complete Adaptive TLBO,20261016,2,5,93.732,23.433,0.0,0,0,92.5,1.9,0.525,0.278,1.7173
Complete Adaptive TLBO,20261016,2,6,93.732,23.433,0.0,0,0,92.5,1.88,0.52,0.2673,1.716
Complete Adaptive TLBO,20261016,2,7,93.732,23.433,0.0,0,0,92.5,1.86,0.515,0.2569,1.9844
Complete Adaptive TLBO,20261016,2,8,93.784,23.4395,0.0,0,0,92.5,1.84,0.51,0.2467,2.6673
Complete Adaptive TLBO,20261016,2,9,93.784,23.446,0.0,0,0,92.5,1.82,0.505,0.2367,2.1884
Complete Adaptive TLBO,20261016,2,10,93.784,23.446,0.0,0,0,92.5,1.8,0.5,0.227,2.1205
Complete Adaptive TLBO,20261016,2,11,93.912,23.462,0.0,0,0,92.5,1.78,0.495,0.2175,2.5443
Complete Adaptive TLBO,20261016,2,12,93.912,23.478,0.0,0,0,92.5,1.76,0.49,0.2083,2.4041
Complete Adaptive TLBO,20261016,2,13,93.912,23.478,0.0,0,0,92.5,1.74,0.485,0.1993,2.722
Complete Adaptive TLBO,20261016,2,14,93.912,23.478,0.0,0,0,92.5,1.72,0.48,0.1905,2.0249
Complete Adaptive TLBO,20261016,2,15,93.912,23.478,0.0,0,0,92.5,1.7,0.475,0.182,2.2257
Complete Adaptive TLBO,20261016,2,16,93.912,23.478,0.0,0,0,92.5,1.68,0.47,0.1737,2.1516
Complete Adaptive TLBO,20261016,2,17,93.912,23.478,0.0,0,0,92.5,1.66,0.465,0.1657,2.072
Complete Adaptive TLBO,20261016,2,18,93.912,23.478,0.0,0,0,92.5,1.64,0.46,0.1579,2.2232
Complete Adaptive TLBO,20261016,2,19,93.94,23.4815,0.0,0,0,92.5,1.62,0.455,0.1503,2.0677
Complete Adaptive TLBO,20261016,2,20,93.94,23.485,0.0,0,0,92.5,1.6,0.45,0.143,2.2971
Complete Adaptive TLBO,20261016,2,21,93.94,35.2275,0.0,0,0,92.5,1.58,0.445,0.1359,2.2268
Complete Adaptive TLBO,20261016,2,22,93.94,23.485,0.0,0,0,92.5,1.56,0.44,0.1291,50.9
Complete Adaptive TLBO,20261016,2,23,93.94,23.485,0.0,0,0,92.5,1.54,0.435,0.1225,1.2386
Complete Adaptive TLBO,20261016,2,24,93.94,23.485,0.0,0,0,92.5,1.52,0.43,0.1161,1.065
Complete Adaptive TLBO,20261016,2,25,93.94,23.485,0.0,0,0,92.5,1.5,0.425,0.11,0.9378
Complete Adaptive TLBO,20261016,2,26,93.94,23.485,0.0,0,0,92.5,1.48,0.42,0.1041,1.3298
Complete Adaptive TLBO,20261016,2,27,93.94,23.485,0.0,0,0,92.5,1.46,0.415,0.0985,3.8833
Complete Adaptive TLBO,20261016,2,28,93.94,23.485,0.0,0,0,92.5,1.44,0.41,0.0931,3.8208
Complete Adaptive TLBO,20261017,3,1,93.212,34.8892,0.0,0,0,92.5,1.98,0.545,0.3231,4.2144
Complete Adaptive TLBO,20261017,3,2,93.212,34.935,0.0,0,0,92.5,1.96,0.54,0.3115,3.5926
Complete Adaptive TLBO,20261017,3,3,93.522,34.9933,0.0,0,0,92.5,1.94,0.535,0.3001,3.1257
Complete Adaptive TLBO,20261017,3,4,93.522,23.3805,0.0,0,0,92.5,1.92,0.53,0.2889,4.1094
Complete Adaptive TLBO,20261017,3,5,93.5604,35.0755,0.0,0,0,92.5,1.9,0.525,0.278,4.4707
Complete Adaptive TLBO,20261017,3,6,93.7212,35.1005,0.0,0,0,92.5,1.88,0.52,0.2673,3.5475
Complete Adaptive TLBO,20261017,3,7,93.7212,23.4303,0.0,0,0,92.5,1.86,0.515,0.2569,2.3526
Complete Adaptive TLBO,20261017,3,8,93.838,23.4449,0.0,0,0,92.5,1.84,0.51,0.2467,3.2974
Complete Adaptive TLBO,20261017,3,9,93.838,35.0907,0.0,0,0,92.5,1.82,0.505,0.2367,3.2357
Complete Adaptive TLBO,20261017,3,10,93.854,23.4615,0.0,0,0,92.5,1.8,0.5,0.227,4.3544
Complete Adaptive TLBO,20261017,3,11,93.854,23.4635,0.0,0,0,92.5,1.78,0.495,0.2175,4.8788
Complete Adaptive TLBO,20261017,3,12,93.882,23.467,0.0,0,0,92.5,1.76,0.49,0.2083,3.9454
Complete Adaptive TLBO,20261017,3,13,93.882,23.4705,0.0,0,0,92.5,1.74,0.485,0.1993,3.4615
Complete Adaptive TLBO,20261017,3,14,93.882,35.2058,0.0,0,0,92.5,1.72,0.48,0.1905,4.7355
Complete Adaptive TLBO,20261017,3,15,93.882,35.055,0.0,0,0,92.5,1.7,0.475,0.182,4.0308
Complete Adaptive TLBO,20261017,3,16,93.882,35.055,0.0,0,0,92.5,1.68,0.47,0.1737,2.4074
Complete Adaptive TLBO,20261017,3,17,93.882,35.055,0.0,0,0,92.5,1.66,0.465,0.1657,2.563
Complete Adaptive TLBO,20261017,3,18,93.882,23.4705,0.0,0,0,92.5,1.64,0.46,0.1579,3.6792
Complete Adaptive TLBO,20261017,3,19,93.882,23.4705,0.0,0,0,92.5,1.62,0.455,0.1503,3.3075
Complete Adaptive TLBO,20261017,3,20,93.882,23.4705,0.0,0,0,92.5,1.6,0.45,0.143,2.638
Complete Adaptive TLBO,20261017,3,21,93.882,23.4705,0.0,0,0,92.5,1.58,0.445,0.1359,2.8034
Complete Adaptive TLBO,20261018,4,1,93.588,23.3773,0.0,0,0,92.5,1.98,0.545,0.3231,3.5654
Complete Adaptive TLBO,20261018,4,2,93.876,23.4579,0.0,0,0,92.5,1.96,0.54,0.3115,3.891
Complete Adaptive TLBO,20261018,4,3,93.876,23.469,0.0,0,0,92.5,1.94,0.535,0.3001,2.6872
Complete Adaptive TLBO,20261018,4,4,93.876,23.469,0.0,0,0,92.5,1.92,0.53,0.2889,2.2951
Complete Adaptive TLBO,20261018,4,5,93.876,23.469,0.0,0,0,92.5,1.9,0.525,0.278,1.9507
Complete Adaptive TLBO,20261018,4,6,93.938,23.4768,0.0,0,0,92.5,1.88,0.52,0.2673,2.388
Complete Adaptive TLBO,20261018,4,7,93.938,35.225,0.0,0,0,92.5,1.86,0.515,0.2569,2.8285
Complete Adaptive TLBO,20261018,4,8,93.938,23.4845,0.0,0,0,92.5,1.84,0.51,0.2467,2.329
Complete Adaptive TLBO,20261018,4,9,93.938,23.4845,0.0,0,0,92.5,1.82,0.505,0.2367,2.8392
Complete Adaptive TLBO,20261018,4,10,93.9872,23.4907,0.0,0,0,92.5,1.8,0.5,0.227,3.3121
Complete Adaptive TLBO,20261018,4,11,93.9872,35.1101,0.0,0,0,92.5,1.78,0.495,0.2175,3.8592
Complete Adaptive TLBO,20261018,4,12,93.9872,35.1617,0.0,0,0,92.5,1.76,0.49,0.2083,3.3498
Complete Adaptive TLBO,20261018,4,13,93.9872,23.4968,0.0,0,0,92.5,1.74,0.485,0.1993,1.7606
Complete Adaptive TLBO,20261018,4,14,93.9872,35.2452,0.0,0,0,92.5,1.72,0.48,0.1905,1.7365
Complete Adaptive TLBO,20261018,4,15,93.9872,23.4968,0.0,0,0,92.5,1.7,0.475,0.182,1.6998
Complete Adaptive TLBO,20261018,4,16,93.9872,23.4968,0.0,0,0,92.5,1.68,0.47,0.1737,1.6236
Complete Adaptive TLBO,20261018,4,17,93.9872,23.4968,0.0,0,0,92.5,1.66,0.465,0.1657,1.846
Complete Adaptive TLBO,20261018,4,18,93.9872,23.4968,0.0,0,0,92.5,1.64,0.46,0.1579,2.2062
Complete Adaptive TLBO,20261018,4,19,93.9872,23.4968,0.0,0,0,92.5,1.62,0.455,0.1503,2.0588
Complete Adaptive TLBO,20261019,5,1,93.4552,34.9569,0.0,0,0,92.5,1.98,0.545,0.3231,4.3201
Complete Adaptive TLBO,20261019,5,2,93.7132,23.3961,0.0,0,0,92.5,1.96,0.54,0.3115,3.3095
Complete Adaptive TLBO,20261019,5,3,93.7996,35.121,0.0,0,0,92.5,1.94,0.535,0.3001,2.0788
Complete Adaptive TLBO,20261019,5,4,93.7996,23.4499,0.0,0,0,92.5,1.92,0.53,0.2889,2.0294
Complete Adaptive TLBO,20261019,5,5,93.892,35.097,0.0,0,0,92.5,1.9,0.525,0.278,3.1002
Complete Adaptive TLBO,20261019,5,6,93.892,35.1086,0.0,0,0,92.5,1.88,0.52,0.2673,3.03
Complete Adaptive TLBO,20261019,5,7,93.892,23.473,0.0,0,0,92.5,1.86,0.515,0.2569,2.2074
Complete Adaptive TLBO,20261019,5,8,93.892,35.2095,0.0,0,0,92.5,1.84,0.51,0.2467,2.2658
Complete Adaptive TLBO,20261019,5,9,93.892,23.473,0.0,0,0,92.5,1.82,0.505,0.2367,2.2383
Complete Adaptive TLBO,20261019,5,10,93.892,23.473,0.0,0,0,92.5,1.8,0.5,0.227,2.7567
Complete Adaptive TLBO,20261019,5,11,93.9412,23.4791,0.0,0,0,92.5,1.78,0.495,0.2175,2.7307
Complete Adaptive TLBO,20261019,5,12,93.9412,35.2218,0.0,0,0,92.5,1.76,0.49,0.2083,2.3563
Complete Adaptive TLBO,20261019,5,13,93.9412,23.4853,0.0,0,0,92.5,1.74,0.485,0.1993,2.1732
Complete Adaptive TLBO,20261019,5,14,93.994,35.2345,0.0,0,0,92.5,1.72,0.48,0.1905,1.6227
Complete Adaptive TLBO,20261019,5,15,93.994,23.4985,0.0,0,0,92.5,1.7,0.475,0.182,1.4656
Complete Adaptive TLBO,20261019,5,16,93.994,23.4985,0.0,0,0,92.5,1.68,0.47,0.1737,2.2273
Complete Adaptive TLBO,20261019,5,17,93.994,23.4985,0.0,0,0,92.5,1.66,0.465,0.1657,2.4186
Complete Adaptive TLBO,20261019,5,18,93.994,35.2477,0.0,0,0,92.5,1.64,0.46,0.1579,2.3884
Complete Adaptive TLBO,20261019,5,19,93.994,23.4985,0.0,0,0,92.5,1.62,0.455,0.1503,2.2178
Complete Adaptive TLBO,20261019,5,20,93.994,23.4985,0.0,0,0,92.5,1.6,0.45,0.143,3.2988
Complete Adaptive TLBO,20261019,5,21,93.994,35.2026,0.0,0,0,92.5,1.58,0.445,0.1359,3.7663
Complete Adaptive TLBO,20261019,5,22,93.994,23.4985,0.0,0,0,92.5,1.56,0.44,0.1291,2.3984
Complete Adaptive TLBO,20261019,5,23,93.994,23.4985,0.0,0,0,92.5,1.54,0.435,0.1225,2.1001
Complete Adaptive TLBO,20261020,6,1,93.2564,23.242,0.0,0,0,92.5,1.98,0.545,0.3231,2.3084
Complete Adaptive TLBO,20261020,6,2,93.2564,23.3141,0.0,0,0,92.5,1.96,0.54,0.3115,1.73
Complete Adaptive TLBO,20261020,6,3,93.476,23.3415,0.0,0,0,92.5,1.94,0.535,0.3001,2.9108
Complete Adaptive TLBO,20261020,6,4,93.5528,23.3786,0.0,0,0,92.5,1.92,0.53,0.2889,1.7598
Complete Adaptive TLBO,20261020,6,5,93.812,23.4206,0.0,0,0,92.5,1.9,0.525,0.278,2.0584
Complete Adaptive TLBO,20261020,6,6,93.812,23.453,0.0,0,0,92.5,1.88,0.52,0.2673,2.7871
Complete Adaptive TLBO,20261020,6,7,93.8912,23.4724,0.0,0,0,92.5,1.86,0.515,0.2569,4.8972
Complete Adaptive TLBO,20261020,6,8,93.8912,35.2088,0.0,0,0,92.5,1.84,0.51,0.2467,2.0067
Complete Adaptive TLBO,20261020,6,9,93.8912,35.2088,0.0,0,0,92.5,1.82,0.505,0.2367,2.0199
Complete Adaptive TLBO,20261020,6,10,93.8912,23.4728,0.0,0,0,92.5,1.8,0.5,0.227,1.5385
Complete Adaptive TLBO,20261020,6,11,93.8912,23.4728,0.0,0,0,92.5,1.78,0.495,0.2175,1.5757
Complete Adaptive TLBO,20261020,6,12,93.8912,23.4728,0.0,0,0,92.5,1.76,0.49,0.2083,2.5562
Complete Adaptive TLBO,20261020,6,13,93.8912,35.1111,0.0,0,0,92.5,1.74,0.485,0.1993,3.3496
Complete Adaptive TLBO,20261020,6,14,93.8912,23.4728,0.0,0,0,92.5,1.72,0.48,0.1905,2.004
Complete Adaptive TLBO,20261020,6,15,93.8912,23.4728,0.0,0,0,92.5,1.7,0.475,0.182,2.6311
Complete Adaptive TLBO,20261020,6,16,93.8912,23.4728,0.0,0,0,92.5,1.68,0.47,0.1737,2.3586
Complete Adaptive TLBO,20261021,7,1,93.412,23.3145,0.0,0,0,92.5,1.98,0.545,0.3231,2.8403
Complete Adaptive TLBO,20261021,7,2,93.6052,23.3885,0.0,0,0,92.5,1.96,0.54,0.3115,3.7983
Complete Adaptive TLBO,20261021,7,3,93.6052,23.4013,0.0,0,0,92.5,1.94,0.535,0.3001,2.0556
Complete Adaptive TLBO,20261021,7,4,93.736,23.4177,0.0,0,0,92.5,1.92,0.53,0.2889,2.6695
Complete Adaptive TLBO,20261021,7,5,93.736,23.434,0.0,0,0,92.5,1.9,0.525,0.278,2.6138
Complete Adaptive TLBO,20261021,7,6,93.736,35.151,0.0,0,0,92.5,1.88,0.52,0.2673,2.4221
Complete Adaptive TLBO,20261021,7,7,93.736,23.434,0.0,0,0,92.5,1.86,0.515,0.2569,1.5915
Complete Adaptive TLBO,20261021,7,8,93.736,23.434,0.0,0,0,92.5,1.84,0.51,0.2467,2.9158
Complete Adaptive TLBO,20261021,7,9,93.736,23.434,0.0,0,0,92.5,1.82,0.505,0.2367,1.9827
Complete Adaptive TLBO,20261021,7,10,93.8332,23.4462,0.0,0,0,92.5,1.8,0.5,0.227,2.5153
Complete Adaptive TLBO,20261021,7,11,93.886,23.4649,0.0,0,0,92.5,1.78,0.495,0.2175,3.5686
Complete Adaptive TLBO,20261021,7,12,93.886,23.4715,0.0,0,0,92.5,1.76,0.49,0.2083,3.6395
Complete Adaptive TLBO,20261021,7,13,93.886,23.4715,0.0,0,0,92.5,1.74,0.485,0.1993,3.3127
Complete Adaptive TLBO,20261021,7,14,93.886,23.4715,0.0,0,0,92.5,1.72,0.48,0.1905,2.4438
Complete Adaptive TLBO,20261021,7,15,93.886,23.4715,0.0,0,0,92.5,1.7,0.475,0.182,2.9305
Complete Adaptive TLBO,20261021,7,16,93.886,23.4715,0.0,0,0,92.5,1.68,0.47,0.1737,2.5646
Complete Adaptive TLBO,20261021,7,17,93.886,23.4715,0.0,0,0,92.5,1.66,0.465,0.1657,3.9014
Complete Adaptive TLBO,20261021,7,18,93.886,23.4715,0.0,0,0,92.5,1.64,0.46,0.1579,2.1394
Complete Adaptive TLBO,20261021,7,19,93.886,23.4715,0.0,0,0,92.5,1.62,0.455,0.1503,2.8265
Complete Adaptive TLBO,20261021,7,20,93.886,23.4715,0.0,0,0,92.5,1.6,0.45,0.143,2.2162
Complete Adaptive TLBO,20261022,8,1,93.0672,23.2432,0.0,0,0,92.5,1.98,0.545,0.3231,3.5983
Complete Adaptive TLBO,20261022,8,2,93.282,23.2936,0.0,0,0,92.5,1.96,0.54,0.3115,3.124
Complete Adaptive TLBO,20261022,8,3,93.282,34.9612,0.0,0,0,92.5,1.94,0.535,0.3001,2.6302
Complete Adaptive TLBO,20261022,8,4,93.484,23.3457,0.0,0,0,92.5,1.92,0.53,0.2889,4.4378
Complete Adaptive TLBO,20261022,8,5,93.5224,23.3766,0.0,0,0,92.5,1.9,0.525,0.278,4.0569
Complete Adaptive TLBO,20261022,8,6,93.5224,35.0669,0.0,0,0,92.5,1.88,0.52,0.2673,2.172
Complete Adaptive TLBO,20261022,8,7,93.5608,23.3854,0.0,0,0,92.5,1.86,0.515,0.2569,2.5755
Complete Adaptive TLBO,20261022,8,8,93.5608,23.3902,0.0,0,0,92.5,1.84,0.51,0.2467,2.934
Complete Adaptive TLBO,20261022,8,9,93.6412,23.4002,0.0,0,0,92.5,1.82,0.505,0.2367,3.5856
Complete Adaptive TLBO,20261022,8,10,93.6412,35.1069,0.0,0,0,92.5,1.8,0.5,0.227,4.4465
Complete Adaptive TLBO,20261022,8,11,93.6412,35.1154,0.0,0,0,92.5,1.78,0.495,0.2175,2.1543
Complete Adaptive TLBO,20261022,8,12,93.6412,34.984,0.0,0,0,92.5,1.76,0.49,0.2083,1.545
Complete Adaptive TLBO,20261022,8,13,93.6412,23.4103,0.0,0,0,92.5,1.74,0.485,0.1993,1.7198
Complete Adaptive TLBO,20261022,8,14,93.6612,23.4128,0.0,0,0,92.5,1.72,0.48,0.1905,2.9349
Complete Adaptive TLBO,20261022,8,15,93.7056,23.4209,0.0,0,0,92.5,1.7,0.475,0.182,3.1121
Complete Adaptive TLBO,20261022,8,16,93.75,34.9938,0.0,0,0,92.5,1.68,0.47,0.1737,2.6731
Complete Adaptive TLBO,20261022,8,17,93.75,23.4375,0.0,0,0,92.5,1.66,0.465,0.1657,3.4373
Complete Adaptive TLBO,20261022,8,18,93.75,23.4375,0.0,0,0,92.5,1.64,0.46,0.1579,3.0989
Complete Adaptive TLBO,20261022,8,19,93.75,23.4375,0.0,0,0,92.5,1.62,0.455,0.1503,1.8631
Complete Adaptive TLBO,20261022,8,20,93.75,23.4375,0.0,0,0,92.5,1.6,0.45,0.143,3.7509
Complete Adaptive TLBO,20261022,8,21,93.798,23.4435,0.0,0,0,92.5,1.58,0.445,0.1359,3.3185
Complete Adaptive TLBO,20261022,8,22,93.798,23.4495,0.0,0,0,92.5,1.56,0.44,0.1291,1.8723
Complete Adaptive TLBO,20261022,8,23,93.798,23.4495,0.0,0,0,92.5,1.54,0.435,0.1225,2.5036
Complete Adaptive TLBO,20261022,8,24,93.798,35.1743,0.0,0,0,92.5,1.52,0.43,0.1161,1.6763
Complete Adaptive TLBO,20261022,8,25,93.798,23.4495,0.0,0,0,92.5,1.5,0.425,0.11,1.4807
Complete Adaptive TLBO,20261022,8,26,93.8472,23.4556,0.0,0,0,92.5,1.48,0.42,0.1041,2.8517
Complete Adaptive TLBO,20261022,8,27,93.8472,23.4618,0.0,0,0,92.5,1.46,0.415,0.0985,2.3844
Complete Adaptive TLBO,20261022,8,28,93.8472,35.1927,0.0,0,0,92.5,1.44,0.41,0.0931,2.2435
Complete Adaptive TLBO,20261022,8,29,93.8472,23.4618,0.0,0,0,92.5,1.42,0.405,0.0879,1.4805
Complete Adaptive TLBO,20261022,8,30,93.8472,23.4618,0.0,0,0,92.5,1.4,0.4,0.083,1.6517
Complete Adaptive TLBO,20261022,8,31,93.8472,23.4618,0.0,0,0,92.5,1.38,0.395,0.0783,1.745
Complete Adaptive TLBO,20261022,8,32,93.8472,23.4618,0.0,0,0,92.5,1.36,0.39,0.0739,1.7032
Complete Adaptive TLBO,20261022,8,33,93.8472,35.0558,0.0,0,0,92.5,1.34,0.385,0.0697,2.8078
Complete Adaptive TLBO,20261022,8,34,93.8472,35.1705,0.0,0,0,92.5,1.32,0.38,0.0657,1.9452
Complete Adaptive TLBO,20261022,8,35,93.8472,70.0697,0.0,0,0,92.5,1.3,0.375,0.062,2.1263
Complete Adaptive TLBO,20261023,9,1,93.2864,34.8457,0.0,0,0,92.5,1.98,0.545,0.3231,3.1152
Complete Adaptive TLBO,20261023,9,2,93.3836,23.3338,0.0,0,0,92.5,1.96,0.54,0.3115,2.4471
Complete Adaptive TLBO,20261023,9,3,93.6224,23.3758,0.0,0,0,92.5,1.94,0.535,0.3001,2.3963
Complete Adaptive TLBO,20261023,9,4,93.6224,23.4056,0.0,0,0,92.5,1.92,0.53,0.2889,1.6895
Complete Adaptive TLBO,20261023,9,5,93.6224,23.4056,0.0,0,0,92.5,1.9,0.525,0.278,2.2561
Complete Adaptive TLBO,20261023,9,6,93.6224,35.1084,0.0,0,0,92.5,1.88,0.52,0.2673,2.2373
Complete Adaptive TLBO,20261023,9,7,93.9172,23.4425,0.0,0,0,92.5,1.86,0.515,0.2569,2.2065
Complete Adaptive TLBO,20261023,9,8,93.9172,35.198,0.0,0,0,92.5,1.84,0.51,0.2467,2.1575
Complete Adaptive TLBO,20261023,9,9,93.9252,35.2199,0.0,0,0,92.5,1.82,0.505,0.2367,2.645
Complete Adaptive TLBO,20261023,9,10,93.9252,35.221,0.0,0,0,92.5,1.8,0.5,0.227,2.9625
Complete Adaptive TLBO,20261023,9,11,93.9252,23.4813,0.0,0,0,92.5,1.78,0.495,0.2175,2.3184
Complete Adaptive TLBO,20261023,9,12,93.9252,35.2219,0.0,0,0,92.5,1.76,0.49,0.2083,2.3019
Complete Adaptive TLBO,20261023,9,13,93.9252,35.2219,0.0,0,0,92.5,1.74,0.485,0.1993,2.1437
Complete Adaptive TLBO,20261023,9,14,93.9252,23.4813,0.0,0,0,92.5,1.72,0.48,0.1905,2.9678
Complete Adaptive TLBO,20261023,9,15,93.9252,23.4813,0.0,0,0,92.5,1.7,0.475,0.182,2.1821
Complete Adaptive TLBO,20261023,9,16,93.9252,23.4813,0.0,0,0,92.5,1.68,0.47,0.1737,2.7903
Complete Adaptive TLBO,20261023,9,17,93.9252,23.4813,0.0,0,0,92.5,1.66,0.465,0.1657,2.1783
Complete Adaptive TLBO,20261023,9,18,93.9252,23.4813,0.0,0,0,92.5,1.64,0.46,0.1579,2.2942
Complete Adaptive TLBO,20261024,10,1,93.136,34.8124,0.0,0,0,92.5,1.98,0.545,0.3231,3.3647
Complete Adaptive TLBO,20261024,10,2,93.148,23.2855,0.0,0,0,92.5,1.96,0.54,0.3115,2.3531
Complete Adaptive TLBO,20261024,10,3,93.178,23.2907,0.0,0,0,92.5,1.94,0.535,0.3001,2.4962
Complete Adaptive TLBO,20261024,10,4,93.2404,34.9496,0.0,0,0,92.5,1.92,0.53,0.2889,2.0976
Complete Adaptive TLBO,20261024,10,5,93.3336,23.3218,0.0,0,0,92.5,1.9,0.525,0.278,2.0513
Complete Adaptive TLBO,20261024,10,6,93.438,35.0054,0.0,0,0,92.5,1.88,0.52,0.2673,2.5841
Complete Adaptive TLBO,20261024,10,7,93.438,35.0185,0.0,0,0,92.5,1.86,0.515,0.2569,2.4758
Complete Adaptive TLBO,20261024,10,8,93.5508,23.3736,0.0,0,0,92.5,1.84,0.51,0.2467,2.5102
Complete Adaptive TLBO,20261024,10,9,93.6192,23.3963,0.0,0,0,92.5,1.82,0.505,0.2367,3.4296
Complete Adaptive TLBO,20261024,10,10,93.6192,23.4048,0.0,0,0,92.5,1.8,0.5,0.227,3.102
Complete Adaptive TLBO,20261024,10,11,93.6192,23.4048,0.0,0,0,92.5,1.78,0.495,0.2175,1.8805
Complete Adaptive TLBO,20261024,10,12,93.6192,35.1072,0.0,0,0,92.5,1.76,0.49,0.2083,1.9621
Complete Adaptive TLBO,20261024,10,13,93.6192,23.4048,0.0,0,0,92.5,1.74,0.485,0.1993,2.6506
Complete Adaptive TLBO,20261024,10,14,93.736,23.4246,0.0,0,0,92.5,1.72,0.48,0.1905,3.1188
Complete Adaptive TLBO,20261024,10,15,93.736,23.434,0.0,0,0,92.5,1.7,0.475,0.182,2.5095
Complete Adaptive TLBO,20261024,10,16,93.736,35.1034,0.0,0,0,92.5,1.68,0.47,0.1737,2.121
Complete Adaptive TLBO,20261024,10,17,93.736,35.151,0.0,0,0,92.5,1.66,0.465,0.1657,2.4879
Complete Adaptive TLBO,20261024,10,18,93.7852,46.8742,0.0,0,0,92.5,1.64,0.46,0.1579,1.7719
Complete Adaptive TLBO,20261024,10,19,93.838,46.7272,0.0,0,0,92.5,1.62,0.455,0.1503,3.6239
Complete Adaptive TLBO,20261024,10,20,93.838,23.4595,0.0,0,0,92.5,1.6,0.45,0.143,2.8891
Complete Adaptive TLBO,20261024,10,21,93.838,23.4595,0.0,0,0,92.5,1.58,0.445,0.1359,2.4903
Complete Adaptive TLBO,20261024,10,22,93.838,23.4595,0.0,0,0,92.5,1.56,0.44,0.1291,3.0546
Complete Adaptive TLBO,20261024,10,23,93.872,23.4637,0.0,0,0,92.5,1.54,0.435,0.1225,4.0816
Complete Adaptive TLBO,20261024,10,24,93.872,23.468,0.0,0,0,92.5,1.52,0.43,0.1161,3.465
Complete Adaptive TLBO,20261024,10,25,93.872,23.468,0.0,0,0,92.5,1.5,0.425,0.11,1.6967
Complete Adaptive TLBO,20261024,10,26,93.872,23.468,0.0,0,0,92.5,1.48,0.42,0.1041,1.7321
Complete Adaptive TLBO,20261024,10,27,93.872,35.1335,0.0,0,0,92.5,1.46,0.415,0.0985,1.6798
Complete Adaptive TLBO,20261024,10,28,93.872,23.468,0.0,0,0,92.5,1.44,0.41,0.0931,1.8549
Complete Adaptive TLBO,20261024,10,29,93.872,23.468,0.0,0,0,92.5,1.42,0.405,0.0879,1.7945
Complete Adaptive TLBO,20261024,10,30,93.872,35.1368,0.0,0,0,92.5,1.4,0.4,0.083,1.6918
Complete Adaptive TLBO,20261024,10,31,93.872,23.468,0.0,0,0,92.5,1.38,0.395,0.0783,1.9862
Complete Adaptive TLBO,20261024,10,32,93.872,23.468,0.0,0,0,92.5,1.36,0.39,0.0739,1.8959
